Date,Time,Timestamp_ms,Kite_ID,Commanded_Vel_rps,Actual_Vel_rps,Torque_Nm,Tension_N,Line_Length_m,Target_Enabled,Target_Length_m,Remote_Joy,Remote_Active,Pitch_deg,Pitch_Vel_dps,Yaw_deg,Yaw_Vel_dps,Roll_deg,Dive_Conf,AWW_Conf,AF_Conf
2026-03-26,11:03:13,0,1,0.0000,0.0218,0.0949,2.7911,3.4240,0,1.0000,0,0,25.5095,2.9712,50.6150,-0.4950,-162.5008,0.000,0.000,0.539
2026-03-26,11:03:13,1,1,0.0000,0.0013,0.0962,2.8304,3.4240,0,1.0000,0,0,25.4195,-1.2941,50.2542,-4.7253,-163.5925,0.000,0.000,0.569
2026-03-26,11:03:13,1,1,0.0000,0.0280,0.0937,2.7560,3.4239,0,1.0000,0,0,25.4680,1.2049,49.8425,-8.2837,-164.1048,0.000,0.000,0.599
2026-03-26,11:03:13,2,1,0.0000,-0.0257,0.0946,2.7824,3.4239,0,1.0000,0,0,25.6357,4.0785,49.4460,-10.5066,-164.9117,0.000,0.000,0.629
2026-03-26,11:03:13,3,1,0.0000,-0.0231,0.0973,2.8618,3.4240,0,1.0000,0,0,25.9407,9.5783,48.7032,-18.5892,-165.7901,0.000,0.000,0.659
2026-03-26,11:03:13,3,1,0.0000,0.0189,0.0940,2.7646,3.4240,0,1.0000,0,0,26.0168,1.5770,47.9920,-19.4191,-166.1391,0.000,0.000,0.689
2026-03-26,11:03:13,4,1,0.0000,-0.0314,0.1003,2.9501,3.4242,0,1.0000,0,0,25.9850,-0.2266,47.5454,-15.7175,-166.7702,0.000,0.000,0.719
2026-03-26,11:03:13,4,1,0.0000,0.0148,0.1003,2.9501,3.4242,0,1.0000,0,0,25.9660,-0.7877,47.2370,-11.9764,-167.2719,0.000,0.000,0.749
2026-03-26,11:03:13,5,1,0.0000,0.0139,0.0999,2.9395,3.4242,0,1.0000,0,0,25.9393,-0.8777,46.8773,-11.3223,-167.9283,0.000,0.000,0.779
2026-03-26,11:03:13,6,1,0.0000,-0.0008,0.1003,2.9499,3.4242,0,1.0000,0,0,26.1510,6.2069,46.4931,-10.7468,-168.4209,0.000,0.000,0.809
2026-03-26,11:03:13,7,1,0.0000,0.0039,0.1005,2.9555,3.4242,0,1.0000,0,0,26.3872,5.9300,46.2254,-9.4619,-168.8278,0.000,0.000,0.839
2026-03-26,11:03:13,8,1,0.0000,0.0079,0.1007,2.9609,3.4242,0,1.0000,0,0,26.3244,-1.7444,45.8866,-9.4887,-169.0216,0.000,0.000,0.869
2026-03-26,11:03:13,8,1,0.0000,0.0055,0.0996,2.9286,3.4242,0,1.0000,0,0,26.3365,0.9826,45.8315,-5.0150,-169.0757,0.000,0.000,0.899
2026-03-26,11:03:13,9,1,0.0000,-0.0129,0.1008,2.9661,3.4242,0,1.0000,0,0,26.3436,-0.1183,45.8983,-1.1976,-169.4943,0.000,0.000,0.929
2026-03-26,11:03:13,10,1,0.0000,-0.0064,0.1042,3.0645,3.4243,0,1.0000,0,0,26.3844,1.4450,46.0661,1.8776,-169.8451,0.000,0.000,0.959
2026-03-26,11:03:13,10,1,0.0000,0.0044,0.1018,2.9937,3.4243,0,1.0000,0,0,26.3819,-1.3159,46.1010,1.3179,-170.3122,0.000,0.000,0.989
2026-03-26,11:03:13,11,1,0.0000,0.0241,0.0990,2.9123,3.4242,0,1.0000,0,0,26.1430,-6.0081,46.0455,-0.1806,-170.9083,0.000,0.000,1.000
2026-03-26,11:03:13,11,1,0.0000,0.0340,0.0925,2.7204,3.4239,0,1.0000,0,0,25.8976,-6.2714,46.1269,1.7514,-171.3949,0.000,0.000,1.000
2026-03-26,11:03:13,12,1,0.0000,0.0094,0.0934,2.7466,3.4239,0,1.0000,0,0,25.7313,-5.6819,46.4040,5.5561,-171.8750,0.000,0.000,1.000
2026-03-26,11:03:13,14,1,0.0000,0.0369,0.0888,2.6114,3.4237,0,1.0000,0,0,25.6481,-1.8316,46.9757,12.4863,-171.5897,0.000,0.000,1.000
2026-03-26,11:03:13,15,1,0.0000,-0.0120,0.0876,2.5755,3.4235,0,1.0000,0,0,25.7967,2.4679,47.6558,15.7457,-171.6672,0.000,0.000,1.000
2026-03-26,11:03:13,15,1,0.0000,-0.0002,0.0893,2.6265,3.4236,0,1.0000,0,0,25.8168,1.0500,47.8679,10.8592,-171.7309,0.000,0.000,1.000
2026-03-26,11:03:13,16,1,0.0000,-0.0135,0.0935,2.7489,3.4237,0,1.0000,0,0,25.9496,4.0354,47.9683,6.7244,-171.4491,0.000,0.000,0.998
2026-03-26,11:03:13,17,1,0.0000,-0.0028,0.0906,2.6652,3.4237,0,1.0000,0,0,26.0577,2.7834,48.0940,5.1745,-171.2722,0.000,0.000,0.995
2026-03-26,11:03:13,18,1,0.0000,-0.0119,0.0935,2.7511,3.4238,0,1.0000,0,0,26.0092,-1.6440,48.4164,7.6551,-171.2934,0.000,0.000,0.991
2026-03-26,11:03:13,19,1,0.0000,0.0064,0.0923,2.7157,3.4238,0,1.0000,0,0,25.9850,-4.7209,48.7258,8.5057,-171.1997,0.000,0.000,0.988
2026-03-26,11:03:13,19,1,0.0000,0.0176,0.0908,2.6716,3.4237,0,1.0000,0,0,25.7324,-7.3649,48.9149,6.9719,-171.3962,0.000,0.000,0.985
2026-03-26,11:03:13,20,1,0.0000,-0.0249,0.0936,2.7527,3.4238,0,1.0000,0,0,25.5889,-3.8954,48.9459,2.8197,-171.9446,0.000,0.000,0.981
2026-03-26,11:03:13,27,1,0.0000,0.0053,0.0941,2.7682,3.4239,0,1.0000,0,0,25.4629,-2.0774,48.8775,-0.1895,-171.9404,0.000,0.000,0.977
2026-03-26,11:03:13,28,1,0.0000,0.0181,0.0914,2.6885,3.4238,0,1.0000,0,0,25.6047,2.7671,48.7154,-2.4564,-171.8948,0.000,0.000,0.973
2026-03-26,11:03:13,29,1,0.0000,0.0097,0.0923,2.7139,3.4238,0,1.0000,0,0,25.4750,-5.2238,48.8060,2.0145,-171.9936,0.000,0.000,0.969
2026-03-26,11:03:13,30,1,0.0000,-0.0137,0.0934,2.7468,3.4238,0,1.0000,0,0,25.4841,0.0611,49.0627,4.9466,-171.9265,0.000,0.000,0.966
2026-03-26,11:03:13,31,1,0.0000,0.0101,0.0894,2.6284,3.4236,0,1.0000,0,0,25.5844,1.3760,49.1847,3.9574,-171.8124,0.000,0.000,0.962
2026-03-26,11:03:13,31,1,0.0000,0.0121,0.0858,2.5234,3.4236,0,1.0000,0,0,25.7604,3.3738,49.3642,4.4153,-171.6141,0.000,0.000,0.958
2026-03-26,11:03:13,32,1,0.0000,0.0097,0.0868,2.5516,3.4235,0,1.0000,0,0,25.7229,-1.6331,49.6243,5.5078,-171.6018,0.000,0.000,0.955
2026-03-26,11:03:13,35,1,0.0000,-0.0212,0.0895,2.6332,3.4236,0,1.0000,0,0,25.5855,-2.4594,49.7950,4.8952,-171.6390,0.000,0.000,0.951
2026-03-26,11:03:13,36,1,0.0000,-0.0007,0.0892,2.6249,3.4236,0,1.0000,0,0,25.8517,4.6138,49.8889,3.8467,-171.7155,0.000,0.000,0.948
2026-03-26,11:03:13,37,1,0.0000,0.0109,0.0868,2.5528,3.4235,0,1.0000,0,0,25.9797,2.3679,49.9690,3.7801,-171.6730,0.000,0.000,0.945
2026-03-26,11:03:13,38,1,0.0000,0.0206,0.0846,2.4888,3.4235,0,1.0000,0,0,25.8886,-3.4523,50.2463,5.5802,-171.5681,0.000,0.000,0.942
2026-03-26,11:03:13,38,1,0.0000,-0.0152,0.0891,2.6211,3.4235,0,1.0000,0,0,25.4680,-9.3771,50.3702,4.8885,-171.6286,0.000,0.000,0.939
2026-03-26,11:03:13,39,1,0.0000,-0.0063,0.0883,2.5960,3.4236,0,1.0000,0,0,25.2122,-7.9621,50.4591,4.0287,-171.6494,0.020,0.000,0.936
2026-03-26,11:03:13,39,1,0.0000,0.0036,0.0870,2.5580,3.4235,0,1.0000,0,0,25.2436,-2.0474,50.5605,3.4085,-171.7169,0.010,0.000,0.932
2026-03-26,11:03:13,40,1,0.0000,-0.0021,0.0869,2.5549,3.4235,0,1.0000,0,0,25.3188,0.5623,50.6246,2.9568,-171.7409,0.000,0.000,0.929
2026-03-26,11:03:13,41,1,0.0000,0.0314,0.0802,2.3574,3.4232,0,1.0000,0,0,25.4088,0.9947,50.8289,4.3471,-171.7590,0.000,0.000,0.926
2026-03-26,11:03:13,42,1,0.0000,0.0025,0.0807,2.3722,3.4231,0,1.0000,0,0,25.3174,-2.3182,51.0656,5.6544,-171.6596,0.000,0.000,0.923
2026-03-26,11:03:13,44,1,0.0000,0.0244,0.0762,2.2399,3.4230,0,1.0000,0,0,25.5507,4.0995,51.4204,7.4224,-171.5349,0.000,0.000,0.920
2026-03-26,11:03:13,44,1,0.0000,0.0079,0.0758,2.2282,3.4229,0,1.0000,0,0,25.7180,2.3580,51.8834,10.3603,-171.6602,0.000,0.000,0.917
2026-03-26,11:03:13,45,1,0.0000,-0.0170,0.0745,2.1922,3.4229,0,1.0000,0,0,25.6103,-2.5400,52.5038,14.1248,-171.8054,0.000,0.000,0.914
2026-03-26,11:03:13,46,1,0.0000,0.0040,0.0751,2.2077,3.4229,0,1.0000,0,0,26.3087,12.6235,52.9879,12.9048,-172.1048,0.000,0.000,0.910
2026-03-26,11:03:13,46,1,0.0000,-0.0063,0.0731,2.1500,3.4227,0,1.0000,0,0,27.0154,13.9271,53.6983,17.2081,-172.0082,0.000,0.000,0.929
2026-03-26,11:03:13,47,1,0.0000,-0.0123,0.0756,2.2234,3.4228,0,1.0000,0,0,26.4978,-11.1626,55.2778,33.0775,-171.6556,0.000,0.000,0.959
2026-03-26,11:03:13,47,1,0.0000,0.0135,0.0750,2.2051,3.4229,0,1.0000,0,0,26.6029,-1.5136,56.3977,30.1516,-171.5644,0.000,0.000,0.999
2026-03-26,11:03:13,48,1,0.0000,0.0208,0.0736,2.1662,3.4228,0,1.0000,0,0,26.1441,-9.4830,57.4881,31.1642,-171.4633,0.000,0.000,1.000
2026-03-26,11:03:13,49,1,0.0000,0.0752,0.0649,1.9077,3.4225,0,1.0000,0,0,25.3049,-18.8203,58.7623,33.5652,-171.6210,0.040,0.000,1.000
2026-03-26,11:03:13,49,1,0.0000,0.0572,0.0513,1.5096,3.4217,0,1.0000,0,0,24.2868,-21.9493,60.6147,37.4080,-171.9761,0.120,0.000,1.000
2026-03-26,11:03:13,50,1,0.0000,-0.0252,0.0526,1.5472,3.4216,0,1.0000,0,0,23.4824,-23.4749,62.4453,45.9749,-172.2775,0.180,0.000,1.000
2026-03-26,11:03:13,51,1,0.0000,-0.0214,0.0561,1.6505,3.4219,0,1.0000,0,0,22.6973,-26.1652,64.1038,51.6967,-172.5223,0.240,0.000,1.000
2026-03-26,11:03:13,51,1,0.0000,-0.0544,0.0654,1.9235,3.4222,0,1.0000,0,0,22.0666,-19.7699,65.7219,49.4844,-172.4407,0.300,0.000,1.000
2026-03-26,11:03:13,52,1,0.0000,-0.1169,0.0815,2.3977,3.4229,0,1.0000,0,0,21.2168,-24.2400,67.1514,45.1647,-172.3622,0.360,0.000,1.000
2026-03-26,11:03:13,52,1,0.0000,-0.0297,0.0903,2.6571,3.4236,0,1.0000,0,0,20.6681,-19.3350,67.8183,36.9402,-172.0212,0.420,0.000,1.000
2026-03-26,11:03:13,92,1,0.0000,0.0083,0.0883,2.5970,3.4236,0,1.0000,0,0,20.2281,-15.7589,68.4906,31.6450,-171.9326,0.480,0.000,1.000
2026-03-26,11:03:13,93,1,0.0000,-0.0154,0.0879,2.5861,3.4235,0,1.0000,0,0,19.8643,-12.9139,68.8490,24.8630,-172.2478,0.540,0.000,1.000
2026-03-26,11:03:13,93,1,0.0000,-0.0023,0.0884,2.6009,3.4235,0,1.0000,0,0,19.4861,-11.8721,68.7876,16.3407,-172.5603,0.600,0.000,1.000
2026-03-26,11:03:13,94,1,0.0000,-0.0099,0.0883,2.5984,3.4235,0,1.0000,0,0,18.8672,-16.1080,68.5053,8.4849,-172.7859,0.660,0.000,1.000
2026-03-26,11:03:13,95,1,0.0000,0.0049,0.0015,0.0441,3.4189,0,1.0000,0,0,17.9116,-20.0256,63.7638,30.5616,-173.0833,0.000,0.000,0.950
2026-03-26,11:03:13,95,1,0.0000,0.0140,0.0017,0.0508,3.4189,0,1.0000,0,0,17.2770,-15.6584,64.3724,23.6538,-172.9071,0.000,0.000,0.947
2026-03-26,11:03:13,108,1,0.0000,0.0117,0.0016,0.0473,3.4189,0,1.0000,0,0,16.7697,-17.6983,64.6349,18.3153,-172.9297,0.000,0.000,0.944
2026-03-26,11:03:13,142,1,0.0000,-0.0069,0.0021,0.0606,3.4190,0,1.0000,0,0,16.0259,-27.3655,65.0064,17.7332,-173.2805,0.000,0.000,0.941
2026-03-26,11:03:13,176,1,0.0000,0.0045,0.0027,0.0794,3.4190,0,1.0000,0,0,14.8834,-40.9131,65.3298,16.6555,-173.7631,0.000,0.000,0.938
2026-03-26,11:03:13,210,1,0.0000,-0.0056,0.0024,0.0700,3.4190,0,1.0000,0,0,13.3694,-59.1891,65.3017,10.6724,-174.2083,0.000,0.000,0.935
2026-03-26,11:03:13,255,1,0.0000,-0.0019,0.0022,0.0656,3.4190,0,1.0000,0,0,11.7154,-38.6408,65.7992,13.9685,-175.1004,0.000,0.000,0.931
2026-03-26,11:03:13,299,1,0.0000,-0.0055,0.0030,0.0872,3.4190,0,1.0000,0,0,10.6195,-29.4242,67.7487,39.6714,-174.1493,0.000,0.000,0.927
2026-03-26,11:03:13,341,1,0.0000,0.0008,0.0021,0.0629,3.4190,0,1.0000,0,0,10.3017,-7.5678,72.0997,78.7835,-173.8722,0.000,0.000,0.923
2026-03-26,11:03:13,374,1,0.0000,0.0042,0.0023,0.0663,3.4190,0,1.0000,0,0,12.9711,69.3836,75.7596,95.2664,-173.5549,0.000,0.000,0.920
2026-03-26,11:03:14,407,1,0.0000,-0.0023,0.0022,0.0656,3.4190,0,1.0000,0,0,12.2535,-27.2929,80.7313,125.6547,-166.3714,0.000,0.000,0.917
2026-03-26,11:03:14,440,1,0.0000,0.0033,0.0013,0.0382,3.4190,0,1.0000,0,0,10.9461,-52.3470,87.6606,174.0223,-166.6011,0.000,0.000,0.914
2026-03-26,11:03:14,473,1,0.0000,0.0102,0.0028,0.0815,3.4190,0,1.0000,0,0,9.8809,-39.7176,94.7608,186.5354,-134.6451,0.000,0.000,0.911
2026-03-26,11:03:14,508,1,0.0000,-0.0018,0.0022,0.0656,3.4190,0,1.0000,0,0,9.0661,-27.8893,97.6101,125.2764,-101.0375,0.000,0.000,0.908
2026-03-26,11:03:14,553,1,0.0000,-0.0069,0.0033,0.0974,3.4190,0,1.0000,0,0,8.2161,-26.1649,98.5726,70.4809,-93.3965,0.000,0.000,0.904
2026-03-26,11:03:14,595,1,0.0000,-0.0085,0.0027,0.0808,3.4190,0,1.0000,0,0,7.3236,-20.9074,101.7527,81.7393,-105.3818,0.000,0.000,0.900
2026-03-26,11:03:14,631,1,0.0000,-0.0096,0.0027,0.0808,3.4190,0,1.0000,0,0,6.7853,-20.8590,104.9002,94.9050,-113.7697,0.000,0.000,0.897
2026-03-26,11:03:14,668,1,0.0000,0.0044,0.0019,0.0547,3.4190,0,1.0000,0,0,5.7613,-33.0358,108.0589,101.4478,-121.1024,0.000,0.000,0.894
2026-03-26,11:03:14,710,1,0.0000,0.0036,0.0022,0.0636,3.4190,0,1.0000,0,0,5.5638,-6.6823,112.0950,103.8192,-128.7466,0.000,0.000,0.890
2026-03-26,11:03:14,754,1,0.0000,-0.0008,0.0020,0.0585,3.4190,0,1.0000,0,0,5.3124,-6.5412,116.4923,104.4354,-134.9288,0.000,0.000,0.886
2026-03-26,11:03:14,796,1,0.0000,0.0013,0.0024,0.0707,3.4190,0,1.0000,0,0,4.7481,-15.9437,119.7815,91.0797,-127.6364,0.000,0.000,0.882
2026-03-26,11:03:14,841,1,0.0000,0.0147,0.0023,0.0691,3.4189,0,1.0000,0,0,4.6884,-5.5040,121.1899,60.5466,-88.3288,0.000,0.000,0.878
2026-03-26,11:03:14,881,1,0.0000,0.0076,-0.0018,0.0541,3.4189,0,1.0000,0,0,4.5772,-3.9188,122.1968,44.1540,-101.0429,0.000,0.000,0.874
2026-03-26,11:03:14,915,1,0.0000,0.0040,-0.0019,0.0560,3.4189,0,1.0000,0,0,4.5483,-4.8097,123.3457,42.2492,-109.2297,0.000,0.000,0.871
2026-03-26,11:03:14,949,1,0.0000,-0.0026,0.0027,0.0795,3.4189,0,1.0000,0,0,4.2792,-9.4415,124.0768,32.0036,-116.9186,0.000,0.000,0.868
2026-03-26,11:03:14,982,1,0.0000,-0.0015,-0.0006,0.0179,3.4189,0,1.0000,0,0,3.8500,-19.4327,124.4758,28.2161,-123.1106,0.000,0.000,0.865
2026-03-26,11:03:14,1026,1,0.0000,0.0041,-0.0013,0.0372,3.4189,0,1.0000,0,0,3.4080,-15.3550,124.7333,19.7988,-126.9740,0.000,0.000,0.862
2026-03-26,11:03:14,1059,1,0.0000,0.0049,-0.0019,0.0552,3.4189,0,1.0000,0,0,2.5382,-26.0616,125.5137,24.6891,-132.4042,0.000,0.000,0.859
2026-03-26,11:03:14,1093,1,0.0000,0.0012,0.0017,0.0515,3.4189,0,1.0000,0,0,1.9684,-19.5133,125.7731,18.7477,-137.0757,0.000,0.000,0.856
2026-03-26,11:03:14,1127,1,0.0000,0.0016,0.0022,0.0637,3.4189,0,1.0000,0,0,1.0787,-22.6083,125.6083,8.0343,-141.5502,0.000,0.000,0.853
2026-03-26,11:03:14,1164,1,0.0000,0.0050,0.0022,0.0637,3.4189,0,1.0000,0,0,0.7475,-12.3520,125.8861,11.3165,-144.7541,0.000,0.000,0.850
2026-03-26,11:03:14,1194,1,0.0000,-0.0080,0.0023,0.0670,3.4189,0,1.0000,0,0,0.5644,-7.2976,126.2446,12.6816,-147.7225,0.000,0.000,0.847
2026-03-26,11:03:14,1228,1,0.0000,-0.0041,-0.0015,0.0432,3.4189,0,1.0000,0,0,0.2936,-8.8156,126.2346,5.9919,-150.5207,0.000,0.000,0.844
2026-03-26,11:03:14,1271,1,0.0000,-0.0006,-0.0011,0.0324,3.4189,0,1.0000,0,0,0.0511,-9.3251,125.7968,-3.7449,-153.7498,0.000,0.000,0.840
2026-03-26,11:03:14,1305,1,0.0000,0.0182,-0.0027,0.0804,3.4188,0,1.0000,0,0,-0.1937,-9.6753,125.1346,-12.7296,-155.8044,0.000,0.000,0.837
2026-03-26,11:03:14,1338,1,0.0000,0.0072,-0.0015,0.0444,3.4188,0,1.0000,0,0,-0.4990,-10.2463,124.5636,-15.3630,-157.7897,0.000,0.000,0.834
2026-03-26,11:03:15,1381,1,0.0000,-0.0124,0.0019,0.0563,3.4189,0,1.0000,0,0,-0.8968,-9.4651,123.3499,-25.7941,-160.2836,0.000,0.000,0.830
2026-03-26,11:03:15,1415,1,0.0000,0.0047,0.0017,0.0492,3.4188,0,1.0000,0,0,-1.0315,-3.3022,122.3118,-28.2150,-161.3884,0.000,0.000,0.827
2026-03-26,11:03:15,1450,1,0.0000,0.0056,-0.0022,0.0648,3.4189,0,1.0000,0,0,-1.0734,-2.1500,121.6287,-24.0556,-162.9481,0.000,0.000,0.824
2026-03-26,11:03:15,1490,1,0.0000,0.0075,0.0018,0.0517,3.4189,0,1.0000,0,0,-0.9208,4.8225,120.2193,-33.2628,-164.4634,0.000,0.000,0.820
2026-03-26,11:03:15,1530,1,0.0000,0.0075,-0.0019,0.0551,3.4189,0,1.0000,0,0,-0.9852,-4.0711,118.8481,-34.0694,-165.5769,0.000,0.000,0.816
2026-03-26,11:03:15,1570,1,0.0000,-0.0016,-0.0013,0.0383,3.4189,0,1.0000,0,0,-1.0299,-6.6854,117.9960,-26.0245,-166.4465,0.000,0.000,0.812
2026-03-26,11:03:15,1610,1,0.0000,0.0022,0.0018,0.0521,3.4189,0,1.0000,0,0,-1.4729,-14.9833,116.3372,-38.7708,-167.6046,0.000,0.000,0.808
2026-03-26,11:03:15,1651,1,0.0000,-0.0011,0.0019,0.0550,3.4189,0,1.0000,0,0,-2.4903,-25.6713,113.9481,-51.3965,-167.8800,0.000,0.000,0.804
2026-03-26,11:03:15,1694,1,0.0000,-0.0141,0.0017,0.0491,3.4189,0,1.0000,0,0,-3.3739,-18.9145,112.2338,-42.9216,-167.3580,0.000,0.000,0.800
2026-03-26,11:03:15,1737,1,0.0000,-0.0057,0.0022,0.0659,3.4189,0,1.0000,0,0,-3.4245,4.0137,111.0427,-36.6357,-167.4718,0.000,0.000,0.796
2026-03-26,11:03:15,1771,1,0.0000,-0.0094,0.0015,0.0452,3.4189,0,1.0000,0,0,-2.9742,16.7033,109.6848,-41.8856,-167.9028,0.000,0.000,0.793
2026-03-26,11:03:15,1805,1,0.0000,-0.0042,-0.0018,0.0541,3.4189,0,1.0000,0,0,-2.5223,14.8935,108.3145,-43.2006,-167.8606,0.000,0.000,0.790
2026-03-26,11:03:15,1847,1,0.0000,0.0147,0.0016,0.0461,3.4189,0,1.0000,0,0,-2.0781,10.7405,106.5266,-45.8014,-168.2692,0.000,0.000,0.786
2026-03-26,11:03:15,1889,1,0.0000,0.0004,-0.0008,0.0226,3.4189,0,1.0000,0,0,-1.8684,8.1267,104.7322,-48.3549,-168.6133,0.000,0.000,0.782
2026-03-26,11:03:15,1924,1,0.0000,-0.0047,0.0016,0.0461,3.4189,0,1.0000,0,0,-1.6337,8.1318,103.0606,-51.5580,-168.7352,0.000,0.000,0.779
2026-03-26,11:03:15,1967,1,0.0000,0.0127,0.0015,0.0453,3.4189,0,1.0000,0,0,-1.3145,8.1961,101.4036,-45.4743,-168.9145,0.000,0.000,0.775
2026-03-26,11:03:15,2008,1,0.0000,-0.0046,0.0017,0.0491,3.4189,0,1.0000,0,0,-0.9739,7.9340,99.8275,-45.5346,-169.2014,0.000,0.000,0.771
2026-03-26,11:03:15,2046,1,0.0000,-0.0011,0.0017,0.0511,3.4189,0,1.0000,0,0,-0.7354,6.1741,98.9793,-32.2153,-169.1778,0.000,0.000,0.768
2026-03-26,11:03:15,2081,1,0.0000,-0.0048,0.0025,0.0727,3.4189,0,1.0000,0,0,-0.6402,2.7286,98.4568,-24.0177,-169.4514,0.000,0.000,0.765
2026-03-26,11:03:15,2122,1,0.0000,0.0018,0.0012,0.0363,3.4189,0,1.0000,0,0,-0.6055,0.4858,98.1785,-18.8262,-169.6780,0.000,0.000,0.762
2026-03-26,11:03:15,2158,1,0.0000,-0.0032,0.0016,0.0472,3.4189,0,1.0000,0,0,-0.4791,5.8525,97.8476,-13.8398,-169.8178,0.000,0.000,0.759
2026-03-26,11:03:15,2193,1,0.0000,-0.0003,0.0022,0.0659,3.4189,0,1.0000,0,0,-0.3242,4.2947,97.7676,-7.5595,-170.0124,0.000,0.000,0.756
2026-03-26,11:03:15,2226,1,0.0000,-0.0010,0.0016,0.0481,3.4189,0,1.0000,0,0,-0.3552,-0.4938,97.7323,-4.1714,-170.3666,0.000,0.000,0.753
2026-03-26,11:03:15,2269,1,0.0000,0.0137,0.0017,0.0513,3.4189,0,1.0000,0,0,-0.3076,2.0800,97.7113,-1.2038,-170.3949,0.000,0.000,0.749
2026-03-26,11:03:15,2302,1,0.0000,0.0092,-0.0019,0.0562,3.4189,0,1.0000,0,0,-0.0746,6.5936,97.8432,1.5361,-170.4604,0.000,0.000,0.746
2026-03-26,11:03:15,2335,1,0.0000,0.0070,0.0020,0.0589,3.4189,0,1.0000,0,0,0.1302,6.2662,97.5144,-5.5561,-170.5472,0.000,0.000,0.743
2026-03-26,11:03:16,2380,1,0.0000,0.0090,-0.0015,0.0443,3.4189,0,1.0000,0,0,0.5376,10.1213,96.9696,-10.6666,-170.3997,0.000,0.000,0.739
2026-03-26,11:03:16,2410,1,0.0000,0.0085,-0.0015,0.0432,3.4189,0,1.0000,0,0,0.7028,4.7622,96.9446,-4.9647,-170.2905,0.000,0.000,0.736
2026-03-26,11:03:16,2444,1,0.0000,-0.0045,0.0015,0.0442,3.4189,0,1.0000,0,0,0.7649,1.2214,97.1662,1.7151,-170.3385,0.000,0.000,0.733
2026-03-26,11:03:16,2477,1,0.0000,-0.0099,-0.0008,0.0235,3.4189,0,1.0000,0,0,0.6891,-2.7726,97.4799,6.3310,-170.3376,0.000,0.000,0.730
2026-03-26,11:03:16,2522,1,0.0000,0.0086,0.0021,0.0620,3.4189,0,1.0000,0,0,0.4667,-6.2881,98.0098,10.6416,-170.2478,0.000,0.000,0.726
2026-03-26,11:03:16,2555,1,0.0000,-0.0054,-0.0000,0.0000,3.4189,0,1.0000,0,0,0.1578,-10.5682,98.5777,15.7840,-170.1814,0.000,0.000,0.723
2026-03-26,11:03:16,2590,1,0.0000,-0.0048,0.0017,0.0511,3.4189,0,1.0000,0,0,-0.1021,-7.5625,99.2368,18.1878,-170.1872,0.000,0.000,0.720
2026-03-26,11:03:16,2624,1,0.0000,0.0079,-0.0016,0.0481,3.4189,0,1.0000,0,0,-0.2723,-5.3861,99.9823,20.5826,-170.1598,0.000,0.000,0.717
2026-03-26,11:03:16,2660,1,0.0000,0.0071,-0.0015,0.0453,3.4189,0,1.0000,0,0,-0.3904,-4.0822,100.8301,25.1449,-170.0346,0.000,0.000,0.714
2026-03-26,11:03:16,2690,1,0.0000,-0.0009,0.0017,0.0512,3.4189,0,1.0000,0,0,-0.6105,-7.5963,101.4312,21.0428,-170.4426,0.000,0.000,0.711
2026-03-26,11:03:16,2726,1,0.0000,0.0047,-0.0026,0.0757,3.4189,0,1.0000,0,0,-0.8411,-6.7288,101.5834,12.1322,-170.3805,0.000,0.000,0.708
2026-03-26,11:03:16,2762,1,0.0000,0.0019,0.0016,0.0471,3.4189,0,1.0000,0,0,-0.8870,-0.7656,101.5554,4.7684,-170.3389,0.000,0.000,0.705
2026-03-26,11:03:16,2806,1,0.0000,0.0026,-0.0018,0.0520,3.4189,0,1.0000,0,0,-0.7228,3.7033,101.4669,0.2093,-170.2576,0.000,0.000,0.701
2026-03-26,11:03:16,2840,1,0.0000,-0.0035,0.0013,0.0383,3.4189,0,1.0000,0,0,-0.5704,5.3548,101.1466,-6.0829,-170.0537,0.000,0.000,0.698
2026-03-26,11:03:16,2885,1,0.0000,-0.0028,-0.0028,0.0835,3.4189,0,1.0000,0,0,-0.3613,4.9520,100.6217,-10.3536,-169.7545,0.000,0.000,0.694
2026-03-26,11:03:16,2927,1,0.0000,0.0037,-0.0029,0.0865,3.4189,0,1.0000,0,0,-0.1873,4.0626,100.1613,-11.1741,-169.5229,0.000,0.000,0.690
,,2965,1,0.0000,-0.0056,0.0020,0.0590,3.4189,0,1.0000,0,0,-0.0030,5.5751,99.8113,-11.7470,-169.4396,0.000,0.000,0.687
2026-03-26,11:03:16,2993,1,0.0000,-0.0035,-0.0013,0.0383,3.4189,0,1.0000,0,0,0.1380,3.9692,99.4339,-12.7321,-169.3031,0.000,0.000,0.684
2026-03-26,11:03:16,3027,1,0.0000,0.0053,0.0016,0.0471,3.4189,0,1.0000,0,0,0.1419,-0.3402,99.1653,-10.5714,-169.2577,0.000,0.000,0.681
2026-03-26,11:03:16,3071,1,0.0000,0.0032,-0.0017,0.0492,3.4189,0,1.0000,0,0,0.0675,-2.2852,99.1603,-3.5791,-169.3016,0.000,0.000,0.677
2026-03-26,11:03:16,3105,1,0.0000,0.0043,-0.0021,0.0610,3.4189,0,1.0000,0,0,-0.0539,-4.1162,99.0011,-4.9744,-169.3997,0.000,0.000,0.674
2026-03-26,11:03:16,3140,1,0.0000,-0.0042,0.0024,0.0708,3.4189,0,1.0000,0,0,-0.0957,-2.9055,98.9716,-2.2486,-169.5058,0.000,0.000,0.671
2026-03-26,11:03:16,3173,1,0.0000,0.0014,-0.0021,0.0610,3.4189,0,1.0000,0,0,-0.1148,-1.2585,99.1625,2.5491,-169.7558,0.000,0.000,0.668
2026-03-26,11:03:16,3212,1,0.0000,-0.0025,-0.0017,0.0491,3.4189,0,1.0000,0,0,-0.0238,0.7632,99.4356,4.0706,-169.8975,0.000,0.000,0.665
2026-03-26,11:03:16,3247,1,0.0000,-0.0048,0.0030,0.0875,3.4189,0,1.0000,0,0,-0.1143,-3.0942,99.8951,9.1695,-170.1045,0.000,0.000,0.662
2026-03-26,11:03:16,3283,1,0.0000,0.0048,0.0017,0.0501,3.4189,0,1.0000,0,0,-0.2423,-4.3973,100.2521,10.3625,-170.2558,0.000,0.000,0.659
2026-03-26,11:03:16,3322,1,0.0000,0.0029,0.0017,0.0491,3.4189,0,1.0000,0,0,-0.3859,-4.3060,100.9033,15.9434,-170.3929,0.000,0.000,0.655
2026-03-26,11:03:16,3355,1,0.0000,0.0099,0.0017,0.0492,3.4189,0,1.0000,0,0,-0.5050,-6.2714,101.5015,19.3859,-170.5592,0.000,0.000,0.652
2026-03-26,11:03:17,3389,1,0.0000,0.0067,0.0020,0.0600,3.4189,0,1.0000,0,0,-0.6779,-5.8530,102.1117,19.9733,-170.7138,0.000,0.000,0.649
2026-03-26,11:03:17,3430,1,0.0000,0.0090,0.0014,0.0412,3.4189,0,1.0000,0,0,-0.8017,-2.6874,102.9576,22.6384,-170.8300,0.000,0.000,0.645
2026-03-26,11:03:17,3473,1,0.0000,-0.0068,0.0017,0.0511,3.4189,0,1.0000,0,0,-0.8807,-2.6216,103.7464,21.8463,-171.0763,0.000,0.000,0.641
2026-03-26,11:03:17,3507,1,0.0000,-0.0167,0.0017,0.0501,3.4189,0,1.0000,0,0,-0.9008,0.1503,104.2675,19.5438,-171.1225,0.000,0.000,0.638
2026-03-26,11:03:17,3543,1,0.0000,0.0098,0.0024,0.0698,3.4189,0,1.0000,0,0,-0.8849,0.0659,104.6506,15.5612,-171.1029,0.000,0.000,0.635
2026-03-26,11:03:17,3588,1,0.0000,0.0015,0.0013,0.0383,3.4189,0,1.0000,0,0,-1.0214,-2.7289,104.8967,9.2167,-171.1313,0.000,0.000,0.631
2026-03-26,11:03:17,3632,1,0.0000,-0.0115,0.0023,0.0689,3.4189,0,1.0000,0,0,-1.0444,-0.2990,104.9958,5.0465,-170.8233,0.000,0.000,0.627
2026-03-26,11:03:17,3675,1,0.0000,0.0046,0.0020,0.0579,3.4189,0,1.0000,0,0,-0.9593,1.1151,104.8211,-1.4878,-170.7793,0.000,0.000,0.623
2026-03-26,11:03:17,3706,1,0.0000,0.0111,0.0016,0.0471,3.4189,0,1.0000,0,0,-1.0008,-1.1507,104.5899,-5.5801,-170.6857,0.000,0.000,0.620
2026-03-26,11:03:17,3740,1,0.0000,-0.0000,0.0018,0.0521,3.4189,0,1.0000,0,0,-1.0158,-0.4851,104.5797,-2.0630,-170.6131,0.000,0.000,0.617
2026-03-26,11:03:17,3774,1,0.0000,0.0104,0.0014,0.0403,3.4189,0,1.0000,0,0,-1.0055,-0.2053,104.8623,4.0158,-170.6530,0.000,0.000,0.614
2026-03-26,11:03:17,3810,1,0.0000,0.0056,-0.0020,0.0600,3.4189,0,1.0000,0,0,-0.9908,0.7114,104.9776,3.6517,-170.4985,0.000,0.000,0.611
2026-03-26,11:03:17,3853,1,0.0000,0.0068,-0.0015,0.0453,3.4189,0,1.0000,0,0,-0.9852,-0.5841,105.0547,2.8327,-170.5199,0.000,0.000,0.607
2026-03-26,11:03:17,3886,1,0.0000,-0.0059,-0.0017,0.0491,3.4189,0,1.0000,0,0,-1.0073,-0.8477,105.1211,2.1172,-170.4533,0.000,0.000,0.604
2026-03-26,11:03:17,3920,1,0.0000,-0.0152,0.0029,0.0844,3.4189,0,1.0000,0,0,-0.9681,-0.0212,105.1840,2.5717,-170.4003,0.000,0.000,0.601
2026-03-26,11:03:17,3954,1,0.0000,-0.0131,0.0010,0.0284,3.4189,0,1.0000,0,0,-1.0648,-2.9268,105.3475,3.8600,-170.3958,0.000,0.000,0.598
2026-03-26,11:03:17,3989,1,0.0000,-0.0094,-0.0016,0.0472,3.4189,0,1.0000,0,0,-1.1832,-3.2811,105.5075,4.7021,-170.4044,0.000,0.000,0.595
2026-03-26,11:03:17,4030,1,0.0000,0.0029,-0.0005,0.0157,3.4189,0,1.0000,0,0,-1.1519,-0.6705,105.5805,1.6193,-170.3785,0.000,0.000,0.591
2026-03-26,11:03:17,4074,1,0.0000,-0.0004,0.0010,0.0304,3.4189,0,1.0000,0,0,-1.1593,0.1834,105.6990,2.8428,-170.4914,0.000,0.000,0.587
2026-03-26,11:03:17,4109,1,0.0000,0.0071,-0.0020,0.0600,3.4189,0,1.0000,0,0,-1.1718,-1.6459,105.8462,4.0587,-170.5874,0.000,0.000,0.584
2026-03-26,11:03:17,4144,1,0.0000,-0.0075,-0.0020,0.0599,3.4189,0,1.0000,0,0,-1.2793,-3.2295,106.0354,4.8553,-170.5516,0.000,0.000,0.581
2026-03-26,11:03:17,4177,1,0.0000,0.0036,-0.0026,0.0757,3.4189,0,1.0000,0,0,-1.3550,-2.5067,106.2589,6.4569,-170.6002,0.000,0.000,0.578
2026-03-26,11:03:17,4210,1,0.0000,-0.0025,0.0014,0.0403,3.4189,0,1.0000,0,0,-1.5385,-6.3250,106.4606,6.2058,-170.6937,0.000,0.000,0.575
2026-03-26,11:03:17,4251,1,0.0000,-0.0005,0.0023,0.0688,3.4189,0,1.0000,0,0,-1.6036,-0.8360,106.6632,6.6022,-170.7635,0.000,0.000,0.571
2026-03-26,11:03:17,4284,1,0.0000,0.0063,0.0016,0.0462,3.4189,0,1.0000,0,0,-1.6562,-2.3131,106.5993,1.3236,-170.8510,0.000,0.000,0.568
2026-03-26,11:03:17,4320,1,0.0000,0.0032,0.0014,0.0422,3.4189,0,1.0000,0,0,-1.6940,-1.5083,106.4217,-0.6268,-170.8179,0.000,0.000,0.565
2026-03-26,11:03:17,4360,1,0.0000,0.0011,0.0021,0.0610,3.4189,0,1.0000,0,0,-1.7072,-1.7566,106.0692,-6.7409,-170.7949,0.000,0.000,0.561
2026-03-26,11:03:18,4400,1,0.0000,-0.0029,0.0023,0.0689,3.4189,0,1.0000,0,0,-1.8004,-1.6103,105.8166,-7.2291,-170.7362,0.000,0.000,0.557
2026-03-26,11:03:18,4440,1,0.0000,0.0052,-0.0024,0.0708,3.4189,0,1.0000,0,0,-1.7274,1.4510,105.8404,-1.6349,-170.6307,0.000,0.000,0.553
2026-03-26,11:03:18,4475,1,0.0000,0.0088,-0.0022,0.0659,3.4189,0,1.0000,0,0,-1.7474,-0.6628,106.0152,2.0772,-170.6819,0.000,0.000,0.550
2026-03-26,11:03:18,4519,1,0.0000,-0.0089,0.0016,0.0462,3.4189,0,1.0000,0,0,-1.7262,0.2850,106.1426,2.7208,-170.6174,0.000,0.000,0.546
2026-03-26,11:03:18,4555,1,0.0000,0.0044,-0.0001,0.0039,3.4189,0,1.0000,0,0,-1.7940,-1.9747,106.1469,1.1429,-170.6988,0.000,0.000,0.543
2026-03-26,11:03:18,4585,1,0.0000,0.0081,-0.0024,0.0708,3.4189,0,1.0000,0,0,-1.7490,2.4986,106.1623,1.5408,-170.6572,0.000,0.000,0.540
2026-03-26,11:03:18,4619,1,0.0000,-0.0077,-0.0005,0.0157,3.4189,0,1.0000,0,0,-1.6895,1.1478,106.2370,1.6227,-170.6339,0.000,0.000,0.537
2026-03-26,11:03:18,4654,1,0.0000,-0.0047,0.0020,0.0599,3.4189,0,1.0000,0,0,-1.7096,-0.9247,106.2743,1.1834,-170.6757,0.000,0.000,0.534
2026-03-26,11:03:18,4689,1,0.0000,0.0012,-0.0000,0.0010,3.4189,0,1.0000,0,0,-1.7518,-0.8539,106.2426,-0.0159,-170.6500,0.000,0.000,0.531
2026-03-26,11:03:18,4732,1,0.0000,-0.0040,0.0021,0.0619,3.4189,0,1.0000,0,0,-1.8265,-1.6739,106.3960,2.9182,-170.6904,0.000,0.000,0.527
2026-03-26,11:03:18,4768,1,0.0000,0.0007,-0.0021,0.0610,3.4189,0,1.0000,0,0,-1.7963,1.0350,106.5980,5.1231,-170.7301,0.000,0.000,0.524
2026-03-26,11:03:18,4801,1,0.0000,0.0040,0.0015,0.0451,3.4189,0,1.0000,0,0,-1.6305,5.4958,106.6958,3.8507,-170.7429,0.000,0.000,0.521
2026-03-26,11:03:18,4835,1,0.0000,-0.0100,0.0016,0.0472,3.4189,0,1.0000,0,0,-1.5321,2.3308,106.7373,2.3418,-170.8163,0.000,0.000,0.518
2026-03-26,11:03:18,4869,1,0.0000,0.0019,0.0013,0.0383,3.4189,0,1.0000,0,0,-1.6135,-2.4704,106.4591,-4.2361,-170.8475,0.000,0.000,0.515
2026-03-26,11:03:18,4912,1,0.0000,-0.0031,0.0024,0.0698,3.4189,0,1.0000,0,0,-1.6189,0.1896,105.9727,-10.2116,-170.7451,0.000,0.000,0.511
2026-03-26,11:03:18,4947,1,0.0000,-0.0036,0.0019,0.0560,3.4189,0,1.0000,0,0,-1.5555,1.3802,105.8753,-6.1927,-170.7542,0.000,0.000,0.508
2026-03-26,11:03:18,4983,1,0.0000,-0.0035,0.0018,0.0531,3.4189,0,1.0000,0,0,-1.6020,-1.0753,105.9290,-1.8172,-170.7210,0.000,0.000,0.505
2026-03-26,11:03:18,5014,1,0.0000,0.0189,-0.0024,0.0697,3.4189,0,1.0000,0,0,-1.5919,0.2913,106.1187,2.8776,-170.6499,0.000,0.000,0.502
2026-03-26,11:03:18,5047,1,0.0000,0.0083,-0.0011,0.0324,3.4189,0,1.0000,0,0,-1.6524,-2.7135,106.3467,5.3795,-170.7390,0.000,0.000,0.499
2026-03-26,11:03:18,5080,1,0.0000,0.0060,0.0021,0.0610,3.4189,0,1.0000,0,0,-1.6770,-0.8245,106.4113,3.4653,-170.8174,0.000,0.000,0.496
2026-03-26,11:03:18,5113,1,0.0000,0.0080,0.0011,0.0314,3.4189,0,1.0000,0,0,-1.6905,-0.4304,106.4844,2.8851,-170.8470,0.000,0.000,0.493
2026-03-26,11:03:18,5158,1,0.0000,-0.0073,0.0024,0.0717,3.4189,0,1.0000,0,0,-1.6868,0.1619,106.5840,2.4143,-170.8219,0.000,0.000,0.489
2026-03-26,11:03:18,5199,1,0.0000,0.0072,-0.0017,0.0512,3.4189,0,1.0000,0,0,-1.7556,-2.2572,106.4401,-1.5076,-170.8426,0.000,0.000,0.485
2026-03-26,11:03:18,5234,1,0.0000,-0.0030,0.0024,0.0717,3.4189,0,1.0000,0,0,-1.7869,-1.3133,106.4113,-1.4155,-170.7354,0.000,0.000,0.482
2026-03-26,11:03:18,5267,1,0.0000,-0.0160,0.0021,0.0609,3.4189,0,1.0000,0,0,-1.7950,-0.7271,106.2569,-3.8024,-170.7660,0.000,0.000,0.479
2026-03-26,11:03:18,5308,1,0.0000,0.0099,0.0031,0.0924,3.4189,0,1.0000,0,0,-1.7592,1.4197,106.2959,0.3433,-170.7556,0.000,0.000,0.475
2026-03-26,11:03:18,5349,1,0.0000,0.0025,0.0014,0.0414,3.4189,0,1.0000,0,0,-1.7342,-0.2938,106.6783,6.9060,-170.7585,0.000,0.000,0.471
2026-03-26,11:03:19,5383,1,0.0000,-0.0013,-0.0012,0.0354,3.4189,0,1.0000,0,0,-1.7653,-0.8775,106.6284,2.1026,-170.8326,0.000,0.000,0.468
2026-03-26,11:03:19,5427,1,0.0000,0.0055,0.0021,0.0610,3.4189,0,1.0000,0,0,-1.7552,-0.2794,106.5225,-0.0648,-170.8583,0.000,0.000,0.465
2026-03-26,11:03:19,5469,1,0.0000,-0.0001,0.0022,0.0659,3.4189,0,1.0000,0,0,-1.7070,1.2969,106.3340,-4.2925,-170.8779,0.000,0.000,0.461
2026-03-26,11:03:19,5502,1,0.0000,-0.0065,0.0025,0.0737,3.4189,0,1.0000,0,0,-1.6871,0.2063,106.0560,-7.1780,-170.8511,0.000,0.000,0.458
2026-03-26,11:03:19,5540,1,0.0000,-0.0072,0.0009,0.0275,3.4189,0,1.0000,0,0,-1.6987,-0.6615,105.9086,-5.9541,-170.8295,0.000,0.000,0.455
2026-03-26,11:03:19,5578,1,0.0000,-0.0020,-0.0022,0.0659,3.4189,0,1.0000,0,0,-1.7377,-1.7886,105.7168,-4.8382,-170.8547,0.000,0.000,0.451
2026-03-26,11:03:19,5611,1,0.0000,0.0049,-0.0018,0.0530,3.4189,0,1.0000,0,0,-1.7356,0.1354,105.8454,-0.2796,-170.8556,0.000,0.000,0.448
2026-03-26,11:03:19,5645,1,0.0000,-0.0016,0.0013,0.0393,3.4189,0,1.0000,0,0,-1.6397,2.6799,105.9124,1.1188,-170.8942,0.000,0.000,0.445
2026-03-26,11:03:19,5680,1,0.0000,0.0018,0.0012,0.0353,3.4189,0,1.0000,0,0,-1.5853,1.1846,106.2135,6.1504,-170.9257,0.000,0.000,0.442
2026-03-26,11:03:19,5719,1,0.0000,0.0055,-0.0022,0.0649,3.4189,0,1.0000,0,0,-1.5751,0.3630,106.5756,9.3017,-170.9030,0.000,0.000,0.439
2026-03-26,11:03:19,5747,1,0.0000,0.0046,0.0015,0.0453,3.4189,0,1.0000,0,0,-1.5618,0.4520,106.8719,10.0272,-170.9169,0.000,0.000,0.436
2026-03-26,11:03:19,5783,1,0.0000,0.0076,0.0011,0.0324,3.4189,0,1.0000,0,0,-1.5424,-0.4455,107.1421,8.6654,-170.9134,0.000,0.000,0.433
2026-03-26,11:03:19,5819,1,0.0000,-0.0008,0.0022,0.0649,3.4189,0,1.0000,0,0,-1.6048,-1.5472,107.1445,3.4783,-170.8991,0.000,0.000,0.430
2026-03-26,11:03:19,5862,1,0.0000,-0.0057,-0.0008,0.0226,3.4189,0,1.0000,0,0,-1.5981,1.1346,107.1651,1.9633,-170.8761,0.000,0.000,0.426
2026-03-26,11:03:19,5896,1,0.0000,-0.0103,0.0021,0.0620,3.4189,0,1.0000,0,0,-1.6077,-0.8197,107.3687,4.6232,-170.9405,0.000,0.000,0.423
2026-03-26,11:03:19,5929,1,0.0000,-0.0048,0.0016,0.0482,3.4189,0,1.0000,0,0,-1.6449,-1.4059,107.5205,4.9421,-170.9098,0.000,0.000,0.420
2026-03-26,11:03:19,5976,1,0.0000,-0.0050,0.0026,0.0776,3.4189,0,1.0000,0,0,-1.5873,1.5222,107.4570,0.1414,-170.9473,0.000,0.000,0.416
2026-03-26,11:03:19,6006,1,0.0000,-0.0087,0.0024,0.0698,3.4189,0,1.0000,0,0,-1.5890,0.7403,107.2552,-3.8468,-170.9618,0.000,0.000,0.413
2026-03-26,11:03:19,6040,1,0.0000,0.0173,0.0014,0.0412,3.4189,0,1.0000,0,0,-1.6144,-0.3442,107.2001,-2.4919,-170.9145,0.000,0.000,0.410
2026-03-26,11:03:19,6072,1,0.0000,0.0021,-0.0009,0.0265,3.4189,0,1.0000,0,0,-1.6140,-0.2265,107.1209,-2.5300,-170.9520,0.000,0.000,0.407
2026-03-26,11:03:19,6114,1,0.0000,0.0085,0.0004,0.0118,3.4189,0,1.0000,0,0,-1.6871,-1.3944,107.3750,4.5873,-170.9012,0.000,0.000,0.403
2026-03-26,11:03:19,6148,1,0.0000,0.0008,0.0024,0.0718,3.4189,0,1.0000,0,0,-1.6779,0.2165,107.8566,10.2614,-170.9265,0.000,0.000,0.400
2026-03-26,11:03:19,6183,1,0.0000,-0.0102,0.0017,0.0510,3.4189,0,1.0000,0,0,-1.6779,0.1134,108.0063,6.7723,-170.9018,0.000,0.000,0.397
2026-03-26,11:03:19,6216,1,0.0000,0.0126,0.0012,0.0353,3.4189,0,1.0000,0,0,-1.6551,0.5367,108.0433,3.6714,-170.8963,0.000,0.000,0.394
2026-03-26,11:03:19,6264,1,0.0000,0.0039,-0.0028,0.0816,3.4189,0,1.0000,0,0,-1.6833,-1.0448,107.8310,-2.4533,-170.9254,0.000,0.000,0.390
2026-03-26,11:03:19,6303,1,0.0000,0.0086,0.0019,0.0561,3.4189,0,1.0000,0,0,-1.6646,0.1887,107.9293,1.5192,-170.8917,0.000,0.000,0.386
2026-03-26,11:03:19,6336,1,0.0000,0.0056,0.0024,0.0708,3.4189,0,1.0000,0,0,-1.6551,-0.0793,108.1760,5.5437,-170.9296,0.000,0.000,0.383
2026-03-26,11:03:19,6371,1,0.0000,-0.0029,0.0018,0.0531,3.4189,0,1.0000,0,0,-1.6744,-1.0728,108.4578,7.4499,-170.9236,0.000,0.000,0.380
2026-03-26,11:03:20,6407,1,0.0000,0.0135,0.0020,0.0579,3.4189,0,1.0000,0,0,-1.6964,-0.5322,108.7302,7.7311,-170.8853,0.000,0.000,0.377
2026-03-26,11:03:20,6455,1,0.0000,0.0035,-0.0013,0.0383,3.4189,0,1.0000,0,0,-1.6864,-0.3250,108.6896,1.4128,-170.8743,0.000,0.000,0.373
2026-03-26,11:03:20,6484,1,0.0000,-0.0003,-0.0016,0.0471,3.4189,0,1.0000,0,0,-1.6935,-0.4236,108.4243,-4.1553,-170.8089,0.000,0.000,0.370
2026-03-26,11:03:20,6533,1,0.0000,-0.0006,0.0017,0.0511,3.4189,0,1.0000,0,0,-1.7290,-0.9329,108.2363,-4.5587,-170.8528,0.000,0.000,0.367
2026-03-26,11:03:20,6569,1,0.0000,0.0048,-0.0012,0.0345,3.4189,0,1.0000,0,0,-1.7108,0.8173,108.0541,-4.0671,-170.9204,0.000,0.000,0.363
2026-03-26,11:03:20,6605,1,0.0000,-0.0038,0.0023,0.0688,3.4189,0,1.0000,0,0,-1.6192,2.9882,108.0919,-1.0700,-170.9156,0.000,0.000,0.360
2026-03-26,11:03:20,6638,1,0.0000,0.0024,0.0024,0.0718,3.4189,0,1.0000,0,0,-1.5474,0.7842,107.9886,-2.6812,-170.9592,0.000,0.000,0.357
2026-03-26,11:03:20,6680,1,0.0000,-0.0008,-0.0012,0.0363,3.4189,0,1.0000,0,0,-1.6041,-0.7858,107.9553,-2.1140,-170.9727,0.000,0.000,0.353
2026-03-26,11:03:20,6715,1,0.0000,-0.0014,0.0023,0.0668,3.4189,0,1.0000,0,0,-1.5783,0.5869,107.7371,-4.6551,-170.9410,0.000,0.000,0.350
2026-03-26,11:03:20,6752,1,0.0000,-0.0024,0.0011,0.0334,3.4189,0,1.0000,0,0,-1.5682,0.4164,107.5120,-5.6793,-170.9391,0.000,0.000,0.347
2026-03-26,11:03:20,6795,1,0.0000,0.0034,0.0013,0.0393,3.4189,0,1.0000,0,0,-1.6068,-2.3998,107.1967,-7.7663,-171.0063,0.000,0.000,0.343
2026-03-26,11:03:20,6829,1,0.0000,-0.0031,0.0014,0.0423,3.4189,0,1.0000,0,0,-1.7102,-3.1381,107.0031,-7.1321,-171.0522,0.000,0.000,0.340
2026-03-26,11:03:20,6862,1,0.0000,0.0008,0.0014,0.0422,3.4189,0,1.0000,0,0,-1.7443,-1.3174,106.7094,-8.5551,-171.0385,0.000,0.000,0.337
2026-03-26,11:03:20,6902,1,0.0000,-0.0043,-0.0007,0.0197,3.4189,0,1.0000,0,0,-1.6981,1.2157,106.4080,-9.3321,-171.0815,0.000,0.000,0.334
2026-03-26,11:03:20,6930,1,0.0000,0.0088,0.0024,0.0708,3.4189,0,1.0000,0,0,-1.6350,1.8292,106.0765,-10.4292,-171.0688,0.000,0.000,0.331
2026-03-26,11:03:20,6965,1,0.0000,0.0093,-0.0025,0.0746,3.4189,0,1.0000,0,0,-1.6373,0.7045,105.9001,-7.7093,-171.0479,0.000,0.000,0.328
2026-03-26,11:03:20,7010,1,0.0000,-0.0042,-0.0018,0.0541,3.4189,0,1.0000,0,0,-1.5642,2.8979,105.7375,-5.9062,-171.0223,0.000,0.000,0.324
2026-03-26,11:03:20,7040,1,0.0000,-0.0069,0.0028,0.0826,3.4189,0,1.0000,0,0,-1.5579,0.3801,105.6458,-4.1991,-171.0758,0.000,0.000,0.321
2026-03-26,11:03:20,7075,1,0.0000,0.0027,0.0019,0.0569,3.4189,0,1.0000,0,0,-1.5626,0.1316,105.6177,-2.4579,-171.0625,0.000,0.000,0.318
2026-03-26,11:03:20,7115,1,0.0000,-0.0071,0.0018,0.0520,3.4189,0,1.0000,0,0,-1.6072,-2.3185,105.5307,-2.7420,-171.1364,0.000,0.000,0.314
2026-03-26,11:03:20,7149,1,0.0000,-0.0062,-0.0006,0.0177,3.4189,0,1.0000,0,0,-1.6122,-0.4411,105.5413,-0.8614,-171.1383,0.000,0.000,0.311
2026-03-26,11:03:20,7192,1,0.0000,0.0024,0.0020,0.0600,3.4189,0,1.0000,0,0,-1.6280,-0.5824,105.5460,-0.2808,-171.1214,0.000,0.000,0.307
2026-03-26,11:03:20,7240,1,0.0000,-0.0054,0.0028,0.0816,3.4189,0,1.0000,0,0,-1.5978,0.5303,105.3721,-3.0695,-171.1062,0.000,0.000,0.303
2026-03-26,11:03:20,7269,1,0.0000,-0.0121,-0.0011,0.0315,3.4189,0,1.0000,0,0,-1.6050,-1.1261,105.2808,-3.1758,-171.0134,0.000,0.000,0.300
2026-03-26,11:03:20,7303,1,0.0000,-0.0026,-0.0021,0.0610,3.4189,0,1.0000,0,0,-1.6118,-0.9438,105.4138,0.6485,-171.0365,0.000,0.000,0.297
2026-03-26,11:03:20,7349,1,0.0000,0.0020,-0.0019,0.0551,3.4189,0,1.0000,0,0,-1.6099,0.0013,105.2766,-2.1766,-171.0522,0.000,0.000,0.293
2026-03-26,11:03:21,7380,1,0.0000,0.0023,-0.0009,0.0275,3.4189,0,1.0000,0,0,-1.5774,0.6958,105.2251,-1.6153,-171.0937,0.000,0.000,0.290
2026-03-26,11:03:21,7416,1,0.0000,0.0047,0.0018,0.0531,3.4189,0,1.0000,0,0,-1.6129,-0.7945,105.3063,0.4021,-171.1336,0.000,0.000,0.287
2026-03-26,11:03:21,7451,1,0.0000,-0.0029,0.0028,0.0826,3.4189,0,1.0000,0,0,-1.5954,0.2079,105.3115,0.3592,-171.0668,0.000,0.000,0.284
2026-03-26,11:03:21,7493,1,0.0000,-0.0163,-0.0002,0.0068,3.4189,0,1.0000,0,0,-1.5968,-1.3662,105.3745,1.4134,-171.0387,0.000,0.000,0.280
2026-03-26,11:03:21,7527,1,0.0000,0.0102,0.0021,0.0618,3.4189,0,1.0000,0,0,-1.6508,-1.3478,105.4033,1.0951,-171.0359,0.000,0.000,0.277
2026-03-26,11:03:21,7570,1,0.0000,0.0027,0.0018,0.0521,3.4189,0,1.0000,0,0,-1.6442,0.3241,105.2851,-2.1422,-171.0412,0.000,0.000,0.273
2026-03-26,11:03:21,7603,1,0.0000,0.0025,0.0015,0.0442,3.4189,0,1.0000,0,0,-1.5911,1.7247,104.9976,-6.4081,-171.1120,0.000,0.000,0.270
2026-03-26,11:03:21,7646,1,0.0000,-0.0099,0.0021,0.0609,3.4189,0,1.0000,0,0,-1.5186,2.3079,104.8966,-4.5996,-171.1666,0.000,0.000,0.267
2026-03-26,11:03:21,7682,1,0.0000,-0.0048,0.0017,0.0511,3.4189,0,1.0000,0,0,-1.4362,1.6148,105.0038,0.6958,-171.1427,0.000,0.000,0.264
2026-03-26,11:03:21,7717,1,0.0000,-0.0056,0.0019,0.0560,3.4189,0,1.0000,0,0,-1.4280,-0.0710,105.1228,2.1591,-171.1764,0.000,0.000,0.261
2026-03-26,11:03:21,7750,1,0.0000,0.0128,0.0016,0.0471,3.4189,0,1.0000,0,0,-1.4536,-0.5525,105.1838,2.1552,-171.1424,0.000,0.000,0.258
2026-03-26,11:03:21,7794,1,0.0000,0.0100,0.0019,0.0571,3.4189,0,1.0000,0,0,-1.5295,-1.9401,105.2695,2.1578,-171.1377,0.000,0.000,0.254
2026-03-26,11:03:21,7836,1,0.0000,0.0049,-0.0021,0.0610,3.4189,0,1.0000,0,0,-1.5524,-0.9928,105.4471,4.2201,-171.1091,0.000,0.000,0.250
2026-03-26,11:03:21,7876,1,0.0000,-0.0034,0.0021,0.0609,3.4189,0,1.0000,0,0,-1.5788,-1.0295,105.6739,5.8050,-171.0898,0.000,0.000,0.246
2026-03-26,11:03:21,7916,1,0.0000,-0.0027,0.0011,0.0324,3.4189,0,1.0000,0,0,-1.5945,-0.7586,105.6114,0.3552,-171.0486,0.000,0.000,0.242
2026-03-26,11:03:21,7949,1,0.0000,-0.0166,0.0020,0.0599,3.4189,0,1.0000,0,0,-1.5851,0.9290,105.5355,-0.9045,-171.0751,0.000,0.000,0.239
2026-03-26,11:03:21,7990,1,0.0000,-0.0039,-0.0024,0.0698,3.4189,0,1.0000,0,0,-1.5014,1.4026,105.6004,0.6311,-171.0208,0.000,0.000,0.235
2026-03-26,11:03:21,8024,1,0.0000,0.0057,0.0017,0.0512,3.4189,0,1.0000,0,0,-1.4198,2.1520,105.6090,0.4034,-171.0277,0.000,0.000,0.232
2026-03-26,11:03:21,8066,1,0.0000,0.0117,-0.0025,0.0746,3.4189,0,1.0000,0,0,-1.4529,-1.3684,105.5480,-0.6520,-171.0525,0.000,0.000,0.228
2026-03-26,11:03:21,8108,1,0.0000,0.0083,0.0024,0.0708,3.4189,0,1.0000,0,0,-1.4731,-0.7023,105.4560,-2.3868,-170.9979,0.000,0.000,0.224
2026-03-26,11:03:21,8143,1,0.0000,0.0066,0.0027,0.0806,3.4189,0,1.0000,0,0,-1.4777,-0.2270,105.2992,-3.7667,-171.0612,0.000,0.000,0.221
2026-03-26,11:03:21,8183,1,0.0000,-0.0079,-0.0022,0.0658,3.4189,0,1.0000,0,0,-1.4162,1.6226,105.0865,-6.0830,-171.0000,0.000,0.000,0.217
2026-03-26,11:03:21,8218,1,0.0000,0.0010,0.0025,0.0728,3.4189,0,1.0000,0,0,-1.3532,2.1630,104.8140,-7.3848,-171.0129,0.000,0.000,0.214
2026-03-26,11:03:21,8253,1,0.0000,-0.0044,0.0023,0.0688,3.4189,0,1.0000,0,0,-1.2754,1.5434,104.6391,-6.1328,-171.0587,0.000,0.000,0.211
2026-03-26,11:03:21,8296,1,0.0000,0.0069,-0.0001,0.0020,3.4189,0,1.0000,0,0,-1.2735,-0.4570,104.7744,0.2965,-170.9606,0.000,0.000,0.207
2026-03-26,11:03:21,8330,1,0.0000,0.0041,-0.0013,0.0373,3.4189,0,1.0000,0,0,-1.4103,-3.8341,105.0337,4.2588,-170.9431,0.000,0.000,0.204
2026-03-26,11:03:21,8370,1,0.0000,0.0126,0.0015,0.0443,3.4189,0,1.0000,0,0,-1.5186,-2.5802,105.0664,2.0750,-171.0330,0.000,0.000,0.200
2026-03-26,11:03:22,8406,1,0.0000,-0.0027,0.0017,0.0511,3.4189,0,1.0000,0,0,-1.5647,-1.4701,105.0972,1.4802,-171.0291,0.000,0.000,0.197
2026-03-26,11:03:22,8442,1,0.0000,0.0101,-0.0011,0.0324,3.4189,0,1.0000,0,0,-1.5410,-0.0466,105.1559,1.6546,-171.1102,0.000,0.000,0.194
2026-03-26,11:03:22,8481,1,0.0000,0.0001,0.0021,0.0609,3.4189,0,1.0000,0,0,-1.5551,-1.1186,105.2599,3.6527,-171.0634,0.000,0.000,0.190
2026-03-26,11:03:22,8523,1,0.0000,0.0021,0.0015,0.0452,3.4189,0,1.0000,0,0,-1.5451,-1.1153,105.5062,5.2412,-171.0341,0.000,0.000,0.186
2026-03-26,11:03:22,8563,1,0.0000,-0.0059,-0.0015,0.0432,3.4189,0,1.0000,0,0,-1.6097,-1.5194,105.7016,5.9286,-170.9354,0.000,0.000,0.182
2026-03-26,11:03:22,8604,1,0.0000,-0.0032,0.0028,0.0826,3.4189,0,1.0000,0,0,-1.6077,-0.0638,105.7321,2.0685,-170.9367,0.000,0.000,0.178
2026-03-26,11:03:22,8643,1,0.0000,0.0049,0.0007,0.0206,3.4189,0,1.0000,0,0,-1.6209,-0.4207,105.8526,3.2586,-171.0528,0.000,0.000,0.174
2026-03-26,11:03:22,8683,1,0.0000,0.0033,0.0017,0.0502,3.4189,0,1.0000,0,0,-1.5528,1.4472,106.0150,3.6852,-171.0858,0.000,0.000,0.170
2026-03-26,11:03:22,8723,1,0.0000,-0.0108,0.0017,0.0501,3.4189,0,1.0000,0,0,-1.5723,-0.9017,106.1306,3.3229,-171.1296,0.000,0.000,0.166
2026-03-26,11:03:22,8762,1,0.0000,0.0066,-0.0028,0.0826,3.4189,0,1.0000,0,0,-1.5899,-0.5734,106.1347,1.6201,-171.1672,0.000,0.000,0.163
2026-03-26,11:03:22,8800,1,0.0000,0.0032,-0.0002,0.0069,3.4189,0,1.0000,0,0,-1.5860,-0.1114,106.1138,0.8157,-171.1466,0.000,0.000,0.160
2026-03-26,11:03:22,8844,1,0.0000,-0.0082,0.0030,0.0894,3.4189,0,1.0000,0,0,-1.6305,-1.7631,106.1483,1.0457,-171.0907,0.000,0.000,0.156
2026-03-26,11:03:22,8881,1,0.0000,0.0116,-0.0013,0.0383,3.4189,0,1.0000,0,0,-1.6758,-0.7734,106.2412,1.9423,-171.0534,0.000,0.000,0.153
2026-03-26,11:03:22,8919,1,0.0000,0.0049,0.0016,0.0461,3.4189,0,1.0000,0,0,-1.6101,1.6394,106.2171,0.1421,-171.0213,0.000,0.000,0.150
2026-03-26,11:03:22,8948,1,0.0000,-0.0041,0.0026,0.0767,3.4189,0,1.0000,0,0,-1.6035,0.6630,105.7833,-9.1206,-171.0737,0.000,0.000,0.147
2026-03-26,11:03:22,8982,1,0.0000,-0.0041,-0.0001,0.0039,3.4189,0,1.0000,0,0,-1.5870,0.7508,105.3263,-12.3519,-171.0555,0.000,0.000,0.144
2026-03-26,11:03:22,9015,1,0.0000,0.0029,0.0021,0.0618,3.4189,0,1.0000,0,0,-1.5347,1.4430,105.1860,-7.9823,-171.0454,0.000,0.000,0.141
2026-03-26,11:03:22,9060,1,0.0000,-0.0005,0.0017,0.0501,3.4189,0,1.0000,0,0,-1.5246,0.3117,105.1891,-2.6323,-171.1103,0.000,0.000,0.137
2026-03-26,11:03:22,9096,1,0.0000,0.0053,0.0016,0.0471,3.4189,0,1.0000,0,0,-1.5331,-0.2120,105.4354,3.6101,-171.0797,0.000,0.000,0.134
2026-03-26,11:03:22,9128,1,0.0000,-0.0042,-0.0012,0.0364,3.4189,0,1.0000,0,0,-1.5420,-1.0669,105.7329,6.5849,-171.0504,0.000,0.000,0.131
2026-03-26,11:03:22,9161,1,0.0000,0.0009,0.0012,0.0364,3.4189,0,1.0000,0,0,-1.5961,-2.0951,105.6518,0.3966,-171.1116,0.000,0.000,0.128
2026-03-26,11:03:22,9195,1,0.0000,-0.0072,-0.0004,0.0127,3.4189,0,1.0000,0,0,-1.6444,-1.2692,105.3880,-4.1123,-171.0965,0.000,0.000,0.125
2026-03-26,11:03:22,9242,1,0.0000,-0.0060,0.0016,0.0462,3.4189,0,1.0000,0,0,-1.6200,0.7438,104.9870,-7.6507,-171.0278,0.000,0.000,0.121
2026-03-26,11:03:22,9278,1,0.0000,0.0037,0.0021,0.0629,3.4189,0,1.0000,0,0,-1.5998,0.3666,105.1749,0.4478,-171.0297,0.000,0.000,0.118
2026-03-26,11:03:22,9319,1,0.0000,-0.0007,-0.0009,0.0265,3.4189,0,1.0000,0,0,-1.5742,0.7134,105.5060,5.4879,-171.0234,0.000,0.000,0.114
2026-03-26,11:03:22,9366,1,0.0000,0.0013,0.0014,0.0403,3.4189,0,1.0000,0,0,-1.4939,1.5168,105.6237,3.4232,-171.0176,0.000,0.000,0.110
2026-03-26,11:03:23,9407,1,0.0000,0.0057,0.0031,0.0905,3.4189,0,1.0000,0,0,-1.4613,1.2531,105.4923,-0.7559,-171.0636,0.000,0.000,0.106
2026-03-26,11:03:23,9457,1,0.0000,-0.0071,0.0018,0.0521,3.4189,0,1.0000,0,0,-1.4404,-0.2915,105.5707,0.6759,-171.0144,0.000,0.000,0.102
2026-03-26,11:03:23,9485,1,0.0000,-0.0060,0.0023,0.0668,3.4189,0,1.0000,0,0,-1.4638,-0.9588,105.4686,-2.2471,-171.0519,0.000,0.000,0.099
2026-03-26,11:03:23,9520,1,0.0000,-0.0118,0.0024,0.0708,3.4189,0,1.0000,0,0,-1.4799,-0.2020,105.2419,-5.2309,-171.0883,0.000,0.000,0.096
2026-03-26,11:03:23,9564,1,0.0000,-0.0044,0.0021,0.0629,3.4189,0,1.0000,0,0,-1.5597,-2.5707,104.8938,-7.4173,-171.1213,0.000,0.000,0.092
2026-03-26,11:03:23,9609,1,0.0000,0.0126,0.0015,0.0443,3.4189,0,1.0000,0,0,-1.5858,-0.3231,104.4791,-9.2429,-171.1733,0.000,0.000,0.088
2026-03-26,11:03:23,9643,1,0.0000,-0.0057,0.0020,0.0599,3.4189,0,1.0000,0,0,-1.5087,2.1627,104.2262,-8.5236,-171.1550,0.000,0.000,0.085
2026-03-26,11:03:23,9690,1,0.0000,-0.0078,0.0024,0.0717,3.4189,0,1.0000,0,0,-1.5204,-1.0708,103.8638,-9.2280,-171.2250,0.000,0.000,0.081
2026-03-26,11:03:23,9720,1,0.0000,0.0006,-0.0019,0.0550,3.4189,0,1.0000,0,0,-1.5467,-1.1282,103.6822,-7.3007,-171.1561,0.000,0.000,0.078
2026-03-26,11:03:23,9755,1,0.0000,-0.0008,-0.0023,0.0688,3.4189,0,1.0000,0,0,-1.5106,0.4191,103.6791,-3.2225,-171.1031,0.000,0.000,0.075
2026-03-26,11:03:23,9796,1,0.0000,-0.0038,0.0016,0.0482,3.4189,0,1.0000,0,0,-1.5259,-0.9235,103.8728,2.7355,-171.0475,0.000,0.000,0.071
2026-03-26,11:03:23,9831,1,0.0000,-0.0011,0.0025,0.0737,3.4189,0,1.0000,0,0,-1.4750,0.9526,103.9876,3.2437,-170.9579,0.000,0.000,0.068
2026-03-26,11:03:23,9874,1,0.0000,0.0031,-0.0020,0.0600,3.4189,0,1.0000,0,0,-1.5206,-1.3096,104.1553,4.0685,-170.9305,0.000,0.000,0.064
2026-03-26,11:03:23,9907,1,0.0000,0.0012,0.0021,0.0610,3.4189,0,1.0000,0,0,-1.5352,-1.4485,104.3582,5.6941,-171.0043,0.000,0.000,0.061
2026-03-26,11:03:23,9950,1,0.0000,0.0053,-0.0018,0.0540,3.4189,0,1.0000,0,0,-1.5396,-0.6851,104.4085,4.3457,-171.0907,0.000,0.000,0.058
,,9979,1,0.0000,0.0055,-0.0006,0.0188,3.4189,0,1.0000,0,0,-1.5472,-0.5096,104.5037,4.1171,-171.1790,0.000,0.000,0.055
2026-03-26,11:03:23,10023,1,0.0000,0.0096,-0.0009,0.0255,3.4189,0,1.0000,0,0,-1.5129,0.9215,104.5069,1.1717,-171.1652,0.000,0.000,0.051
2026-03-26,11:03:23,10064,1,0.0000,0.0027,0.0021,0.0610,3.4189,0,1.0000,0,0,-1.5202,-0.0037,104.5073,0.0310,-171.2060,0.000,0.000,0.047
2026-03-26,11:03:23,10104,1,0.0000,0.0039,0.0020,0.0589,3.4189,0,1.0000,0,0,-1.4633,1.3360,104.5826,2.1184,-171.0763,0.000,0.000,0.043
2026-03-26,11:03:23,10144,1,0.0000,0.0009,0.0017,0.0491,3.4189,0,1.0000,0,0,-1.5436,-2.8473,105.0799,11.3764,-171.0974,0.000,0.000,0.039
2026-03-26,11:03:23,10192,1,0.0000,-0.0043,-0.0024,0.0718,3.4189,0,1.0000,0,0,-1.5656,-0.4639,105.5229,11.6965,-171.0403,0.000,0.000,0.035
2026-03-26,11:03:23,10219,1,0.0000,0.0019,0.0023,0.0688,3.4189,0,1.0000,0,0,-1.5910,-0.6069,105.7712,10.1221,-171.0636,0.000,0.000,0.032
2026-03-26,11:03:23,10254,1,0.0000,0.0020,0.0025,0.0728,3.4189,0,1.0000,0,0,-1.5743,0.9042,105.9568,7.7437,-171.0954,0.000,0.000,0.029
2026-03-26,11:03:23,10289,1,0.0000,0.0063,0.0013,0.0384,3.4189,0,1.0000,0,0,-1.5477,0.6885,106.0351,4.7682,-171.0919,0.000,0.000,0.026
2026-03-26,11:03:23,10322,1,0.0000,-0.0102,0.0028,0.0835,3.4189,0,1.0000,0,0,-1.5471,0.2005,105.9039,-0.3829,-171.0945,0.000,0.000,0.023
2026-03-26,11:03:23,10354,1,0.0000,0.0048,-0.0006,0.0167,3.4189,0,1.0000,0,0,-1.5120,0.7009,105.7662,-2.9900,-171.1221,0.000,0.000,0.020
2026-03-26,11:03:24,10388,1,0.0000,-0.0082,-0.0009,0.0265,3.4189,0,1.0000,0,0,-1.5417,-1.1068,105.4800,-6.4792,-171.2928,0.000,0.000,0.017
2026-03-26,11:03:24,10422,1,0.0000,-0.0001,0.0019,0.0570,3.4189,0,1.0000,0,0,-1.5755,-0.6637,105.1403,-8.7543,-171.2574,0.000,0.000,0.014
2026-03-26,11:03:24,10469,1,0.0000,0.0013,0.0025,0.0728,3.4189,0,1.0000,0,0,-1.5507,0.5888,104.8470,-7.9234,-171.2271,0.000,0.000,0.010
2026-03-26,11:03:24,10499,1,0.0000,0.0022,-0.0014,0.0422,3.4189,0,1.0000,0,0,-1.5119,0.5451,104.6698,-6.8203,-171.2122,0.000,0.000,0.007
2026-03-26,11:03:24,10533,1,0.0000,-0.0022,0.0022,0.0639,3.4189,0,1.0000,0,0,-1.5053,0.0540,104.5546,-5.1031,-171.1211,0.000,0.000,0.004
2026-03-26,11:03:24,10576,1,0.0000,0.0003,0.0020,0.0580,3.4189,0,1.0000,0,0,-1.5046,-0.5821,104.5608,-2.7102,-171.1585,0.000,0.000,0.000
2026-03-26,11:03:24,10609,1,0.0000,-0.0088,0.0023,0.0679,3.4189,0,1.0000,0,0,-1.5170,-0.9241,104.3825,-4.0553,-171.2359,0.000,0.000,0.000
2026-03-26,11:03:24,10652,1,0.0000,0.0064,-0.0010,0.0305,3.4189,0,1.0000,0,0,-1.4872,0.7768,104.5263,1.4184,-171.2177,0.000,0.000,0.000
2026-03-26,11:03:24,10685,1,0.0000,0.0003,0.0022,0.0659,3.4189,0,1.0000,0,0,-1.5007,-1.2553,104.6449,2.8767,-171.3462,0.000,0.000,0.000
2026-03-26,11:03:24,10719,1,0.0000,0.0021,0.0023,0.0669,3.4189,0,1.0000,0,0,-1.5818,-2.2717,104.6224,0.8842,-171.4020,0.000,0.000,0.000
2026-03-26,11:03:24,10764,1,0.0000,-0.0119,0.0019,0.0569,3.4189,0,1.0000,0,0,-1.5626,0.5163,104.5787,-0.0988,-171.2826,0.000,0.000,0.000
2026-03-26,11:03:24,10794,1,0.0000,-0.0010,0.0023,0.0688,3.4189,0,1.0000,0,0,-1.5823,-1.0074,104.6389,1.2763,-171.2754,0.000,0.000,0.000
2026-03-26,11:03:24,10828,1,0.0000,0.0091,0.0021,0.0610,3.4189,0,1.0000,0,0,-1.6101,-1.3222,104.7516,2.9933,-171.1803,0.000,0.000,0.000
2026-03-26,11:03:24,10871,1,0.0000,0.0068,-0.0026,0.0757,3.4189,0,1.0000,0,0,-1.6419,-0.6937,105.0056,5.5111,-171.1790,0.000,0.000,0.000
2026-03-26,11:03:24,10918,1,0.0000,-0.0025,-0.0006,0.0177,3.4189,0,1.0000,0,0,-1.7120,-2.4260,105.0881,2.4293,-171.2480,0.000,0.000,0.000
2026-03-26,11:03:24,10959,1,0.0000,0.0046,-0.0015,0.0442,3.4189,0,1.0000,0,0,-1.7073,0.4375,105.2033,3.6298,-171.3016,0.000,0.000,0.000
2026-03-26,11:03:24,11002,1,0.0000,-0.0020,0.0024,0.0698,3.4189,0,1.0000,0,0,-1.7208,-0.9320,105.3389,3.1604,-171.4284,0.000,0.000,0.000
2026-03-26,11:03:24,11045,1,0.0000,-0.0027,-0.0020,0.0600,3.4189,0,1.0000,0,0,-1.7052,0.3205,105.1994,-1.7781,-171.4163,0.000,0.000,0.000
2026-03-26,11:03:24,11090,1,0.0000,0.0032,-0.0006,0.0177,3.4189,0,1.0000,0,0,-1.6982,0.2014,105.0603,-2.3861,-171.4145,0.000,0.000,0.000
2026-03-26,11:03:24,11126,1,0.0000,-0.0018,0.0004,0.0117,3.4189,0,1.0000,0,0,-1.7161,-0.1870,105.1063,0.1869,-171.3484,0.000,0.000,0.000
2026-03-26,11:03:24,11163,1,0.0000,0.0027,0.0015,0.0432,3.4189,0,1.0000,0,0,-1.7331,-0.9184,105.1732,1.4395,-171.3295,0.000,0.000,0.000
2026-03-26,11:03:24,11196,1,0.0000,0.0086,0.0019,0.0550,3.4189,0,1.0000,0,0,-1.7532,-0.6625,105.1864,0.7810,-171.3025,0.000,0.000,0.000
2026-03-26,11:03:24,11238,1,0.0000,0.0033,-0.0013,0.0393,3.4189,0,1.0000,0,0,-1.7577,-0.9953,105.3005,2.5284,-171.3648,0.000,0.000,0.000
2026-03-26,11:03:24,11273,1,0.0000,-0.0089,0.0020,0.0580,3.4189,0,1.0000,0,0,-1.8591,-2.7566,105.2753,0.9338,-171.3469,0.000,0.000,0.000
2026-03-26,11:03:24,11315,1,0.0000,-0.0014,0.0020,0.0580,3.4189,0,1.0000,0,0,-1.8189,1.6350,105.3901,1.7328,-171.3212,0.000,0.000,0.000
2026-03-26,11:03:24,11351,1,0.0000,0.0054,0.0023,0.0669,3.4189,0,1.0000,0,0,-1.7928,0.5965,105.3294,-0.2918,-171.4422,0.000,0.000,0.000
2026-03-26,11:03:25,11393,1,0.0000,0.0085,0.0017,0.0512,3.4189,0,1.0000,0,0,-1.7484,1.1199,105.2259,-1.9088,-171.3689,0.000,0.000,0.000
2026-03-26,11:03:25,11435,1,0.0000,-0.0079,0.0014,0.0402,3.4189,0,1.0000,0,0,-1.7123,0.2040,105.1879,-1.2215,-171.4162,0.000,0.000,0.000
2026-03-26,11:03:25,11471,1,0.0000,-0.0073,0.0016,0.0472,3.4189,0,1.0000,0,0,-1.6905,0.9113,105.1989,-0.3002,-171.3382,0.000,0.000,0.000
2026-03-26,11:03:25,11504,1,0.0000,-0.0087,-0.0015,0.0442,3.4189,0,1.0000,0,0,-1.6888,-0.0245,105.0724,-2.7807,-171.3080,0.000,0.000,0.000
2026-03-26,11:03:25,11540,1,0.0000,0.0055,0.0016,0.0462,3.4189,0,1.0000,0,0,-1.7202,-0.5488,105.0546,-1.7031,-171.3073,0.000,0.000,0.000
2026-03-26,11:03:25,11575,1,0.0000,-0.0066,0.0020,0.0599,3.4189,0,1.0000,0,0,-1.6890,0.9365,105.1006,0.3712,-171.2686,0.000,0.000,0.000
2026-03-26,11:03:25,11608,1,0.0000,-0.0005,0.0020,0.0590,3.4189,0,1.0000,0,0,-1.6560,0.7527,105.2769,3.2977,-171.3849,0.000,0.000,0.000
2026-03-26,11:03:25,11650,1,0.0000,0.0079,0.0018,0.0530,3.4189,0,1.0000,0,0,-1.6056,1.5609,105.5201,6.3532,-171.4310,0.000,0.000,0.000
2026-03-26,11:03:25,11683,1,0.0000,0.0073,-0.0014,0.0404,3.4189,0,1.0000,0,0,-1.6251,-1.1609,105.8316,9.0665,-171.5154,0.000,0.000,0.000
2026-03-26,11:03:25,11717,1,0.0000,0.0056,0.0014,0.0413,3.4189,0,1.0000,0,0,-1.6671,-1.5232,106.1753,11.2730,-171.4638,0.000,0.000,0.000
2026-03-26,11:03:25,11759,1,0.0000,-0.0004,0.0022,0.0658,3.4189,0,1.0000,0,0,-1.6757,-0.0596,106.5480,10.0447,-171.4793,0.000,0.000,0.000
2026-03-26,11:03:25,11801,1,0.0000,-0.0135,-0.0015,0.0432,3.4189,0,1.0000,0,0,-1.7621,-0.8956,106.7070,5.9571,-171.4031,0.000,0.000,0.000
2026-03-26,11:03:25,11836,1,0.0000,0.0020,0.0015,0.0442,3.4189,0,1.0000,0,0,-1.7353,0.7923,106.7081,2.7360,-171.3126,0.000,0.000,0.000
2026-03-26,11:03:25,11869,1,0.0000,-0.0018,-0.0010,0.0285,3.4189,0,1.0000,0,0,-1.7123,1.0129,106.5513,-2.0099,-171.3528,0.000,0.000,0.000
2026-03-26,11:03:25,11911,1,0.0000,0.0062,-0.0012,0.0345,3.4189,0,1.0000,0,0,-1.6642,0.4940,106.2468,-5.7646,-171.2930,0.000,0.000,0.000
2026-03-26,11:03:25,11946,1,0.0000,-0.0010,0.0018,0.0520,3.4189,0,1.0000,0,0,-1.6537,1.1652,106.1095,-5.1368,-171.2868,0.000,0.000,0.000
2026-03-26,11:03:25,11991,1,0.0000,-0.0068,0.0017,0.0511,3.4189,0,1.0000,0,0,-1.5952,0.8305,106.0844,-2.1535,-171.3748,0.000,0.000,0.000
2026-03-26,11:03:25,12027,1,0.0000,-0.0076,0.0017,0.0511,3.4189,0,1.0000,0,0,-1.5831,0.9385,106.1031,-0.7124,-171.3844,0.000,0.000,0.000
2026-03-26,11:03:25,12057,1,0.0000,-0.0004,0.0023,0.0679,3.4189,0,1.0000,0,0,-1.5552,0.4178,106.0285,-2.2831,-171.4225,0.000,0.000,0.000
2026-03-26,11:03:25,12093,1,0.0000,-0.0002,0.0015,0.0452,3.4189,0,1.0000,0,0,-1.5899,-0.3545,105.9128,-2.7436,-171.4341,0.000,0.000,0.000
2026-03-26,11:03:25,12128,1,0.0000,0.0034,0.0016,0.0481,3.4189,0,1.0000,0,0,-1.5571,1.3600,105.9019,-2.1773,-171.3345,0.000,0.000,0.000
2026-03-26,11:03:25,12170,1,0.0000,0.0061,0.0016,0.0471,3.4189,0,1.0000,0,0,-1.5443,0.5799,105.7561,-2.8546,-171.3415,0.000,0.000,0.000
2026-03-26,11:03:25,12213,1,0.0000,0.0076,-0.0015,0.0453,3.4189,0,1.0000,0,0,-1.5401,-0.1102,105.3555,-7.8502,-171.3403,0.000,0.000,0.000
2026-03-26,11:03:25,12261,1,0.0000,0.0023,0.0021,0.0610,3.4189,0,1.0000,0,0,-1.5090,0.3505,105.2197,-4.8675,-171.2764,0.000,0.000,0.000
2026-03-26,11:03:25,12290,1,0.0000,0.0042,0.0021,0.0628,3.4189,0,1.0000,0,0,-1.5173,-0.9402,105.1640,-3.5078,-171.2746,0.000,0.000,0.000
2026-03-26,11:03:25,12324,1,0.0000,0.0024,0.0024,0.0718,3.4189,0,1.0000,0,0,-1.5124,0.2462,104.9699,-5.0902,-171.3005,0.000,0.000,0.000
2026-03-26,11:03:25,12370,1,0.0000,0.0071,0.0025,0.0728,3.4189,0,1.0000,0,0,-1.5201,-0.7221,104.6384,-7.3950,-171.3134,0.000,0.000,0.000
2026-03-26,11:03:26,12400,1,0.0000,0.0018,-0.0028,0.0826,3.4189,0,1.0000,0,0,-1.5477,-0.5830,104.5403,-5.0244,-171.3554,0.000,0.000,0.000
2026-03-26,11:03:26,12437,1,0.0000,-0.0005,0.0013,0.0383,3.4189,0,1.0000,0,0,-1.5314,-0.0016,104.5669,-1.5035,-171.3196,0.000,0.000,0.000
2026-03-26,11:03:26,12473,1,0.0000,-0.0141,0.0018,0.0522,3.4189,0,1.0000,0,0,-1.5463,-0.3474,104.6714,1.0995,-171.3255,0.000,0.000,0.000
2026-03-26,11:03:26,12513,1,0.0000,0.0130,-0.0006,0.0167,3.4189,0,1.0000,0,0,-1.5328,-0.0740,104.8893,4.2015,-171.2731,0.000,0.000,0.000
2026-03-26,11:03:26,12546,1,0.0000,0.0063,-0.0022,0.0659,3.4189,0,1.0000,0,0,-1.5470,-0.9555,105.1517,7.2381,-171.2357,0.000,0.000,0.000
2026-03-26,11:03:26,12579,1,0.0000,0.0031,0.0023,0.0680,3.4189,0,1.0000,0,0,-1.5573,-0.2736,105.3468,6.8729,-171.2553,0.000,0.000,0.000
2026-03-26,11:03:26,12616,1,0.0000,-0.0019,0.0023,0.0668,3.4189,0,1.0000,0,0,-1.5822,-0.8720,105.4051,3.6502,-171.2478,0.000,0.000,0.000
2026-03-26,11:03:26,12660,1,0.0000,0.0027,-0.0017,0.0492,3.4189,0,1.0000,0,0,-1.5632,0.2376,105.3732,0.3665,-171.2895,0.000,0.000,0.000
2026-03-26,11:03:26,12702,1,0.0000,0.0031,-0.0011,0.0324,3.4189,0,1.0000,0,0,-1.5965,-1.2828,105.1169,-4.9889,-171.2674,0.000,0.000,0.000
2026-03-26,11:03:26,12736,1,0.0000,-0.0094,0.0020,0.0599,3.4189,0,1.0000,0,0,-1.6022,-0.0935,105.0655,-2.8450,-171.2609,0.000,0.000,0.000
2026-03-26,11:03:26,12780,1,0.0000,-0.0000,0.0017,0.0491,3.4189,0,1.0000,0,0,-1.5767,0.4349,105.3707,3.5656,-171.2953,0.000,0.000,0.000
2026-03-26,11:03:26,12815,1,0.0000,0.0030,0.0018,0.0520,3.4189,0,1.0000,0,0,-1.5663,0.2766,105.6237,6.0804,-171.2251,0.000,0.000,0.000
2026-03-26,11:03:26,12849,1,0.0000,0.0082,-0.0017,0.0492,3.4189,0,1.0000,0,0,-1.5663,-0.3971,105.7328,4.2102,-171.1499,0.000,0.000,0.000
2026-03-26,11:03:26,12888,1,0.0000,0.0043,0.0017,0.0502,3.4189,0,1.0000,0,0,-1.5994,-0.9144,105.5013,-3.5413,-171.1342,0.000,0.000,0.000
2026-03-26,11:03:26,12918,1,0.0000,-0.0118,-0.0009,0.0275,3.4189,0,1.0000,0,0,-1.5672,1.3618,105.4565,-1.8803,-171.0846,0.000,0.000,0.000
2026-03-26,11:03:26,12951,1,0.0000,-0.0068,-0.0015,0.0442,3.4189,0,1.0000,0,0,-1.4904,2.0652,105.4744,-1.7097,-171.1198,0.000,0.000,0.000
2026-03-26,11:03:26,12995,1,0.0000,-0.0010,0.0025,0.0737,3.4189,0,1.0000,0,0,-1.4542,0.2490,105.1015,-6.7569,-171.2746,0.000,0.000,0.000
2026-03-26,11:03:26,13042,1,0.0000,0.0004,0.0023,0.0669,3.4189,0,1.0000,0,0,-1.5087,-1.2548,104.9832,-3.8635,-171.4126,0.000,0.000,0.000
2026-03-26,11:03:26,13071,1,0.0000,0.0048,-0.0017,0.0491,3.4189,0,1.0000,0,0,-1.4640,1.3472,105.1355,0.9761,-171.6123,0.000,0.000,0.000
2026-03-26,11:03:26,13106,1,0.0000,-0.0038,0.0026,0.0767,3.4189,0,1.0000,0,0,-1.5047,-0.9578,105.2419,2.1195,-171.6725,0.000,0.000,0.000
2026-03-26,11:03:26,13143,1,0.0000,0.0047,-0.0026,0.0757,3.4189,0,1.0000,0,0,-1.4984,-0.1274,105.5230,6.5054,-171.5818,0.000,0.000,0.000
2026-03-26,11:03:26,13174,1,0.0000,0.0041,0.0024,0.0708,3.4189,0,1.0000,0,0,-1.5325,-1.7851,106.1127,15.0629,-171.5150,0.000,0.000,0.000
2026-03-26,11:03:26,13207,1,0.0000,-0.0114,0.0019,0.0559,3.4189,0,1.0000,0,0,-1.5902,-1.8216,106.5942,15.7590,-171.3729,0.000,0.000,0.000
2026-03-26,11:03:26,13240,1,0.0000,0.0090,0.0022,0.0649,3.4189,0,1.0000,0,0,-1.5815,-0.8907,106.6848,12.8688,-171.4295,0.000,0.000,0.000
2026-03-26,11:03:26,13274,1,0.0000,0.0025,0.0018,0.0520,3.4189,0,1.0000,0,0,-1.5904,-0.2271,106.9226,10.3660,-171.3732,0.000,0.000,0.000
2026-03-26,11:03:26,13312,1,0.0000,-0.0095,-0.0015,0.0442,3.4189,0,1.0000,0,0,-1.5662,0.7780,107.1659,9.3784,-171.3746,0.000,0.000,0.000
2026-03-26,11:03:26,13341,1,0.0000,-0.0011,0.0014,0.0403,3.4189,0,1.0000,0,0,-1.5122,1.1911,107.4042,8.3782,-171.4345,0.000,0.000,0.000
2026-03-26,11:03:26,13375,1,0.0000,-0.0019,-0.0017,0.0491,3.4189,0,1.0000,0,0,-1.5245,-1.0066,107.5476,6.2978,-171.4584,0.000,0.000,0.000
2026-03-26,11:03:27,13415,1,0.0000,-0.0069,-0.0013,0.0393,3.4189,0,1.0000,0,0,-1.5999,-1.5156,107.7157,5.7443,-171.4189,0.000,0.000,0.000
2026-03-26,11:03:27,13455,1,0.0000,0.0027,0.0013,0.0394,3.4189,0,1.0000,0,0,-1.6248,-1.2062,107.8201,3.6489,-171.4290,0.000,0.000,0.000
2026-03-26,11:03:27,13496,1,0.0000,0.0007,0.0026,0.0757,3.4189,0,1.0000,0,0,-1.7093,-2.3976,107.7845,0.2141,-171.3897,0.000,0.000,0.000
2026-03-26,11:03:27,13536,1,0.0000,-0.0059,0.0022,0.0649,3.4189,0,1.0000,0,0,-1.7010,0.3059,107.7492,-0.5864,-171.3034,0.000,0.000,0.000
2026-03-26,11:03:27,13571,1,0.0000,0.0088,0.0016,0.0471,3.4189,0,1.0000,0,0,-1.7215,-0.4923,107.7326,-0.5121,-171.3456,0.000,0.000,0.000
2026-03-26,11:03:27,13602,1,0.0000,0.0027,0.0028,0.0826,3.4189,0,1.0000,0,0,-1.6670,2.0057,107.5681,-3.8762,-171.3595,0.000,0.000,0.000
2026-03-26,11:03:27,13635,1,0.0000,-0.0106,0.0021,0.0628,3.4189,0,1.0000,0,0,-1.5849,2.0217,107.2706,-7.4619,-171.3700,0.000,0.000,0.000
2026-03-26,11:03:27,13677,1,0.0000,0.0017,0.0020,0.0580,3.4189,0,1.0000,0,0,-1.6270,-1.1629,107.1302,-4.6230,-171.4192,0.000,0.000,0.000
2026-03-26,11:03:27,13725,1,0.0000,0.0065,0.0022,0.0659,3.4189,0,1.0000,0,0,-1.6290,-0.7618,107.0706,-2.5222,-171.3696,0.000,0.000,0.000
2026-03-26,11:03:27,13754,1,0.0000,0.0040,0.0019,0.0561,3.4189,0,1.0000,0,0,-1.6579,-1.1093,107.2942,3.5450,-171.3711,0.000,0.000,0.000
2026-03-26,11:03:27,13794,1,0.0000,-0.0020,0.0017,0.0491,3.4189,0,1.0000,0,0,-1.7108,-2.8080,107.5522,5.3896,-171.3374,0.000,0.000,0.000
2026-03-26,11:03:27,13836,1,0.0000,0.0097,-0.0020,0.0600,3.4189,0,1.0000,0,0,-1.7758,-2.8938,107.5437,1.2725,-171.3044,0.000,0.000,0.000
2026-03-26,11:03:27,13879,1,0.0000,0.0141,-0.0015,0.0432,3.4189,0,1.0000,0,0,-1.8259,-0.9548,107.5721,0.7977,-171.3494,0.000,0.000,0.000
2026-03-26,11:03:27,13912,1,0.0000,-0.0068,0.0019,0.0550,3.4189,0,1.0000,0,0,-1.7706,1.2190,107.4542,-2.2263,-171.3306,0.000,0.000,0.000
2026-03-26,11:03:27,13946,1,0.0000,-0.0026,0.0003,0.0088,3.4189,0,1.0000,0,0,-1.7326,0.8795,107.3355,-3.3351,-171.3646,0.000,0.000,0.000
2026-03-26,11:03:27,13982,1,0.0000,-0.0039,-0.0017,0.0501,3.4189,0,1.0000,0,0,-1.7049,0.6496,107.1182,-5.2548,-171.4076,0.000,0.000,0.000
2026-03-26,11:03:27,14026,1,0.0000,0.0061,0.0024,0.0698,3.4189,0,1.0000,0,0,-1.6884,-0.1731,106.8812,-6.6675,-171.4488,0.000,0.000,0.000
2026-03-26,11:03:27,14059,1,0.0000,-0.0023,0.0022,0.0659,3.4189,0,1.0000,0,0,-1.7236,-1.2566,106.7355,-5.6352,-171.4980,0.000,0.000,0.000
2026-03-26,11:03:27,14103,1,0.0000,0.0187,0.0021,0.0610,3.4189,0,1.0000,0,0,-1.7740,-0.8314,106.6070,-4.3073,-171.4400,0.000,0.000,0.000
2026-03-26,11:03:27,14142,1,0.0000,-0.0036,0.0012,0.0354,3.4189,0,1.0000,0,0,-1.7903,-0.2092,106.5215,-3.2916,-171.4496,0.000,0.000,0.000
2026-03-26,11:03:27,14183,1,0.0000,-0.0189,-0.0006,0.0186,3.4189,0,1.0000,0,0,-1.8025,-0.0980,106.3712,-3.6469,-171.4028,0.000,0.000,0.000
2026-03-26,11:03:27,14217,1,0.0000,-0.0013,-0.0017,0.0491,3.4189,0,1.0000,0,0,-1.7415,1.4960,106.4615,0.1679,-171.3385,0.000,0.000,0.000
2026-03-26,11:03:27,14252,1,0.0000,0.0006,0.0012,0.0364,3.4189,0,1.0000,0,0,-1.7253,-0.2353,106.7080,4.5442,-171.3596,0.000,0.000,0.000
2026-03-26,11:03:27,14292,1,0.0000,0.0030,-0.0015,0.0432,3.4189,0,1.0000,0,0,-1.8264,-2.9073,106.8844,4.8127,-171.3218,0.000,0.000,0.000
2026-03-26,11:03:27,14337,1,0.0000,0.0055,0.0012,0.0355,3.4189,0,1.0000,0,0,-1.8226,-0.9222,107.0279,4.3670,-171.3912,0.000,0.000,0.000
2026-03-26,11:03:27,14372,1,0.0000,0.0002,-0.0016,0.0481,3.4189,0,1.0000,0,0,-1.8017,-0.1294,107.1054,3.1611,-171.4870,0.000,0.000,0.000
2026-03-26,11:03:28,14406,1,0.0000,0.0000,0.0023,0.0669,3.4189,0,1.0000,0,0,-1.8009,-0.0020,107.1001,1.4996,-171.5002,0.000,0.000,0.000
2026-03-26,11:03:28,14449,1,0.0000,0.0017,0.0027,0.0796,3.4189,0,1.0000,0,0,-1.8173,-0.5878,107.1799,1.7716,-171.5093,0.000,0.000,0.000
2026-03-26,11:03:28,14484,1,0.0000,-0.0013,0.0024,0.0717,3.4189,0,1.0000,0,0,-1.8755,-1.4672,107.2565,2.3259,-171.5168,0.000,0.000,0.000
2026-03-26,11:03:28,14517,1,0.0000,0.0036,0.0013,0.0393,3.4189,0,1.0000,0,0,-1.8822,-0.0613,107.3261,2.7622,-171.4599,0.000,0.000,0.000
2026-03-26,11:03:28,14567,1,0.0000,0.0076,0.0001,0.0039,3.4189,0,1.0000,0,0,-1.8991,-0.5688,107.4156,1.8990,-171.3861,0.000,0.000,0.000
2026-03-26,11:03:28,14594,1,0.0000,0.0065,0.0021,0.0610,3.4189,0,1.0000,0,0,-1.8964,-0.3107,107.2789,-1.7461,-171.4066,0.000,0.000,0.000
2026-03-26,11:03:28,14628,1,0.0000,0.0040,-0.0018,0.0540,3.4189,0,1.0000,0,0,-1.8013,2.6258,107.0744,-4.4271,-171.3541,0.000,0.000,0.000
2026-03-26,11:03:28,14661,1,0.0000,0.0007,0.0014,0.0403,3.4189,0,1.0000,0,0,-1.7312,1.6592,106.9696,-3.9704,-171.3973,0.000,0.000,0.000
2026-03-26,11:03:28,14708,1,0.0000,0.0084,-0.0024,0.0708,3.4189,0,1.0000,0,0,-1.7446,-0.2877,106.6148,-7.9926,-171.3564,0.000,0.000,0.000
2026-03-26,11:03:28,14738,1,0.0000,-0.0003,-0.0024,0.0708,3.4189,0,1.0000,0,0,-1.7431,0.1641,106.4246,-7.0103,-171.3838,0.000,0.000,0.000
2026-03-26,11:03:28,14773,1,0.0000,-0.0062,0.0027,0.0806,3.4189,0,1.0000,0,0,-1.7685,-0.0306,106.3210,-5.0831,-171.4547,0.000,0.000,0.000
2026-03-26,11:03:28,14813,1,0.0000,-0.0070,-0.0013,0.0374,3.4189,0,1.0000,0,0,-1.7728,-0.3661,106.1207,-5.9146,-171.4540,0.000,0.000,0.000
2026-03-26,11:03:28,14842,1,0.0000,-0.0060,0.0022,0.0659,3.4189,0,1.0000,0,0,-1.7600,0.1275,106.1870,-0.8778,-171.4896,0.000,0.000,0.000
2026-03-26,11:03:28,14877,1,0.0000,0.0056,0.0017,0.0512,3.4189,0,1.0000,0,0,-1.8012,-1.5118,106.2859,1.0692,-171.4751,0.000,0.000,0.000
2026-03-26,11:03:28,14924,1,0.0000,-0.0177,0.0026,0.0766,3.4189,0,1.0000,0,0,-1.8176,-0.9568,106.2985,0.5886,-171.4089,0.000,0.000,0.000
2026-03-26,11:03:28,14960,1,0.0000,0.0073,-0.0021,0.0610,3.4189,0,1.0000,0,0,-1.9031,-2.7388,106.3988,2.1396,-171.4109,0.000,0.000,0.000
2026-03-26,11:03:28,14989,1,0.0000,0.0019,0.0015,0.0442,3.4189,0,1.0000,0,0,-1.9166,-0.2431,106.6348,5.2620,-171.3886,0.000,0.000,0.000
2026-03-26,11:03:28,15026,1,0.0000,-0.0083,0.0020,0.0590,3.4189,0,1.0000,0,0,-1.8468,1.2954,106.8444,5.7854,-171.4177,0.000,0.000,0.000
2026-03-26,11:03:28,15063,1,0.0000,-0.0040,0.0016,0.0482,3.4189,0,1.0000,0,0,-1.8127,0.7605,107.1800,7.8509,-171.4384,0.000,0.000,0.000
2026-03-26,11:03:28,15096,1,0.0000,-0.0005,0.0006,0.0187,3.4189,0,1.0000,0,0,-1.8764,-2.3875,107.3367,6.0629,-171.4679,0.000,0.000,0.000
2026-03-26,11:03:28,15131,1,0.0000,-0.0012,0.0017,0.0501,3.4189,0,1.0000,0,0,-1.9113,-0.9829,107.3416,2.8645,-171.4169,0.000,0.000,0.000
2026-03-26,11:03:28,15169,1,0.0000,0.0050,0.0025,0.0727,3.4189,0,1.0000,0,0,-1.8752,0.8528,107.3040,0.4107,-171.4417,0.000,0.000,0.000
2026-03-26,11:03:28,15208,1,0.0000,-0.0078,0.0024,0.0698,3.4189,0,1.0000,0,0,-1.8957,-0.2478,107.2776,-0.2509,-171.4301,0.000,0.000,0.000
2026-03-26,11:03:28,15243,1,0.0000,0.0039,0.0014,0.0422,3.4189,0,1.0000,0,0,-1.8874,0.1330,107.2532,-0.6500,-171.3834,0.000,0.000,0.000
2026-03-26,11:03:28,15286,1,0.0000,0.0010,0.0022,0.0659,3.4189,0,1.0000,0,0,-1.8798,0.4931,107.3434,1.4485,-171.3866,0.000,0.000,0.000
2026-03-26,11:03:28,15327,1,0.0000,0.0026,-0.0002,0.0069,3.4189,0,1.0000,0,0,-1.8423,0.8616,107.5007,3.3301,-171.3736,0.000,0.000,0.000
2026-03-26,11:03:28,15363,1,0.0000,-0.0010,0.0015,0.0453,3.4189,0,1.0000,0,0,-1.8314,1.0676,107.4945,1.2602,-171.3543,0.000,0.000,0.000
2026-03-26,11:03:29,15406,1,0.0000,0.0039,-0.0017,0.0492,3.4189,0,1.0000,0,0,-1.7981,0.6968,107.4672,0.4572,-171.3799,0.000,0.000,0.000
2026-03-26,11:03:29,15443,1,0.0000,-0.0065,0.0017,0.0491,3.4189,0,1.0000,0,0,-1.7775,0.8264,107.3058,-2.8011,-171.3691,0.000,0.000,0.000
2026-03-26,11:03:29,15478,1,0.0000,-0.0043,-0.0011,0.0324,3.4189,0,1.0000,0,0,-1.7842,-0.3119,106.9836,-7.1947,-171.3586,0.000,0.000,0.000
2026-03-26,11:03:29,15510,1,0.0000,-0.0004,0.0021,0.0610,3.4189,0,1.0000,0,0,-1.8080,-0.3368,106.8079,-6.2505,-171.3708,0.000,0.000,0.000
2026-03-26,11:03:29,15545,1,0.0000,0.0025,-0.0009,0.0265,3.4189,0,1.0000,0,0,-1.8008,0.0604,106.6570,-5.7226,-171.3874,0.000,0.000,0.000
2026-03-26,11:03:29,15591,1,0.0000,-0.0058,0.0002,0.0049,3.4189,0,1.0000,0,0,-1.7803,0.3730,106.6645,-1.7724,-171.4441,0.000,0.000,0.000
2026-03-26,11:03:29,15622,1,0.0000,0.0043,-0.0013,0.0373,3.4189,0,1.0000,0,0,-1.7828,-0.1792,106.7626,1.1468,-171.4189,0.000,0.000,0.000
2026-03-26,11:03:29,15656,1,0.0000,-0.0090,-0.0013,0.0393,3.4189,0,1.0000,0,0,-1.7950,-0.7199,106.8702,2.5017,-171.3614,0.000,0.000,0.000
2026-03-26,11:03:29,15692,1,0.0000,-0.0011,0.0027,0.0806,3.4189,0,1.0000,0,0,-1.8334,-1.3511,106.9662,2.8718,-171.3259,0.000,0.000,0.000
2026-03-26,11:03:29,15723,1,0.0000,-0.0024,-0.0008,0.0236,3.4189,0,1.0000,0,0,-1.8366,-0.2562,107.0681,3.2370,-171.3130,0.000,0.000,0.000
2026-03-26,11:03:29,15756,1,0.0000,0.0029,0.0023,0.0679,3.4189,0,1.0000,0,0,-1.7854,1.4527,107.2332,5.0291,-171.3530,0.000,0.000,0.000
2026-03-26,11:03:29,15789,1,0.0000,0.0027,-0.0016,0.0471,3.4189,0,1.0000,0,0,-1.7488,0.8409,107.3730,4.2761,-171.3727,0.000,0.000,0.000
2026-03-26,11:03:29,15823,1,0.0000,-0.0007,0.0002,0.0069,3.4189,0,1.0000,0,0,-1.7358,0.1199,107.4358,3.2501,-171.3989,0.000,0.000,0.000
2026-03-26,11:03:29,15863,1,0.0000,-0.0070,0.0013,0.0383,3.4189,0,1.0000,0,0,-1.7939,-1.3688,107.4607,1.7003,-171.3810,0.000,0.000,0.000
2026-03-26,11:03:29,15904,1,0.0000,-0.0040,0.0018,0.0541,3.4189,0,1.0000,0,0,-1.7880,0.1765,107.4318,-0.1070,-171.4218,0.000,0.000,0.000
2026-03-26,11:03:29,15937,1,0.0000,-0.0065,-0.0022,0.0658,3.4189,0,1.0000,0,0,-1.7792,-0.0766,107.3987,-0.9915,-171.4215,0.000,0.000,0.000
2026-03-26,11:03:29,15979,1,0.0000,-0.0060,-0.0029,0.0865,3.4189,0,1.0000,0,0,-1.8041,-0.6336,106.9460,-9.7447,-171.3610,0.000,0.000,0.000
2026-03-26,11:03:29,16026,1,0.0000,-0.0087,0.0020,0.0590,3.4189,0,1.0000,0,0,-1.8601,-1.9660,106.6032,-8.7377,-171.3423,0.000,0.000,0.000
2026-03-26,11:03:29,16054,1,0.0000,-0.0067,0.0021,0.0609,3.4189,0,1.0000,0,0,-1.8991,-1.7971,106.5932,-4.3898,-171.3160,0.000,0.000,0.000
2026-03-26,11:03:29,16090,1,0.0000,-0.0013,0.0035,0.1023,3.4189,0,1.0000,0,0,-1.9143,-0.5337,106.5049,-3.8087,-171.3571,0.000,0.000,0.000
2026-03-26,11:03:29,16129,1,0.0000,-0.0141,0.0019,0.0550,3.4189,0,1.0000,0,0,-1.8896,1.0227,106.2706,-6.1205,-171.3429,0.000,0.000,0.000
2026-03-26,11:03:29,16163,1,0.0000,0.0180,-0.0003,0.0097,3.4189,0,1.0000,0,0,-1.8611,1.0452,106.1137,-5.6136,-171.3224,0.000,0.000,0.000
2026-03-26,11:03:29,16200,1,0.0000,0.0096,0.0025,0.0736,3.4189,0,1.0000,0,0,-1.8682,-0.0236,106.0090,-4.4526,-171.3330,0.000,0.000,0.000
2026-03-26,11:03:29,16230,1,0.0000,0.0096,0.0015,0.0443,3.4189,0,1.0000,0,0,-1.8477,0.4801,106.0603,-0.7368,-171.3572,0.000,0.000,0.000
2026-03-26,11:03:29,16264,1,0.0000,-0.0008,-0.0001,0.0020,3.4189,0,1.0000,0,0,-1.8096,0.9801,106.2386,2.5762,-171.2956,0.000,0.000,0.000
2026-03-26,11:03:29,16300,1,0.0000,-0.0045,0.0013,0.0383,3.4189,0,1.0000,0,0,-1.8076,-0.2498,106.4642,5.0551,-171.2863,0.000,0.000,0.000
2026-03-26,11:03:29,16333,1,0.0000,0.0055,0.0030,0.0884,3.4189,0,1.0000,0,0,-1.7876,0.7893,106.8153,9.3383,-171.3018,0.000,0.000,0.000
2026-03-26,11:03:29,16370,1,0.0000,0.0015,-0.0026,0.0767,3.4189,0,1.0000,0,0,-1.7912,-0.0840,107.0495,8.4454,-171.3420,0.000,0.000,0.000
2026-03-26,11:03:30,16400,1,0.0000,0.0028,0.0017,0.0502,3.4189,0,1.0000,0,0,-1.8627,-2.9268,107.2377,7.8056,-171.2244,0.000,0.000,0.000
2026-03-26,11:03:30,16439,1,0.0000,0.0030,0.0002,0.0059,3.4189,0,1.0000,0,0,-1.9493,-2.6768,107.3821,6.4520,-171.2933,0.000,0.000,0.000
2026-03-26,11:03:30,16473,1,0.0000,-0.0052,0.0028,0.0826,3.4189,0,1.0000,0,0,-1.9863,-0.2136,107.6141,6.8820,-171.2097,0.000,0.000,0.000
2026-03-26,11:03:30,16508,1,0.0000,-0.0065,0.0013,0.0383,3.4189,0,1.0000,0,0,-1.9007,2.1956,107.6749,4.1587,-171.1777,0.000,0.000,0.000
2026-03-26,11:03:30,16551,1,0.0000,-0.0087,0.0029,0.0855,3.4189,0,1.0000,0,0,-1.8393,0.9484,107.6957,1.9910,-171.1768,0.000,0.000,0.000
2026-03-26,11:03:30,16596,1,0.0000,0.0032,0.0017,0.0492,3.4189,0,1.0000,0,0,-1.8006,1.6542,107.7327,1.0988,-171.2735,0.000,0.000,0.000
2026-03-26,11:03:30,16643,1,0.0000,-0.0073,0.0024,0.0708,3.4189,0,1.0000,0,0,-1.7678,0.5283,107.6035,-1.6040,-171.3179,0.000,0.000,0.000
2026-03-26,11:03:30,16674,1,0.0000,-0.0006,-0.0006,0.0167,3.4189,0,1.0000,0,0,-1.7119,1.1837,107.4614,-3.6718,-171.3725,0.000,0.000,0.000
2026-03-26,11:03:30,16715,1,0.0000,0.0013,0.0020,0.0600,3.4189,0,1.0000,0,0,-1.7592,-0.9604,107.3644,-2.8294,-171.3843,0.000,0.000,0.000
2026-03-26,11:03:30,16756,1,0.0000,0.0018,-0.0017,0.0511,3.4189,0,1.0000,0,0,-1.7758,-0.3661,107.3980,0.2158,-171.3056,0.000,0.000,0.000
2026-03-26,11:03:30,16797,1,0.0000,-0.0072,0.0021,0.0609,3.4189,0,1.0000,0,0,-1.6970,1.5979,107.5531,3.2540,-171.2016,0.000,0.000,0.000
2026-03-26,11:03:30,16838,1,0.0000,0.0070,0.0017,0.0492,3.4189,0,1.0000,0,0,-1.7180,-0.7015,107.9084,7.5597,-171.1522,0.000,0.000,0.000
2026-03-26,11:03:30,16872,1,0.0000,0.0026,0.0019,0.0569,3.4189,0,1.0000,0,0,-1.7385,-0.1356,108.1137,6.9672,-171.1670,0.000,0.000,0.000
2026-03-26,11:03:30,16912,1,0.0000,0.0058,0.0017,0.0512,3.4189,0,1.0000,0,0,-1.6743,2.1915,108.3320,6.3704,-171.1985,0.000,0.000,0.000
2026-03-26,11:03:30,16953,1,0.0000,0.0046,-0.0024,0.0708,3.4189,0,1.0000,0,0,-1.6590,0.0167,108.0510,-3.8501,-171.2495,0.000,0.000,0.000
2026-03-26,11:03:30,16993,1,0.0000,-0.0053,-0.0013,0.0373,3.4189,0,1.0000,0,0,-1.6656,0.0707,108.0414,-0.6100,-171.3109,0.000,0.000,0.000
2026-03-26,11:03:30,17033,1,0.0000,-0.0009,0.0005,0.0137,3.4189,0,1.0000,0,0,-1.7328,-1.4359,108.1043,0.3272,-171.3636,0.000,0.000,0.000
2026-03-26,11:03:30,17069,1,0.0000,-0.0091,0.0024,0.0717,3.4189,0,1.0000,0,0,-1.7193,0.2267,108.0589,-0.1203,-171.3626,0.000,0.000,0.000
2026-03-26,11:03:30,17102,1,0.0000,0.0078,-0.0020,0.0589,3.4189,0,1.0000,0,0,-1.7168,-0.1965,108.0831,0.6452,-171.3198,0.000,0.000,0.000
2026-03-26,11:03:30,17148,1,0.0000,-0.0073,-0.0006,0.0178,3.4189,0,1.0000,0,0,-1.7339,-0.7403,108.1783,1.7299,-171.2956,0.000,0.000,0.000
2026-03-26,11:03:30,17177,1,0.0000,0.0026,0.0034,0.1002,3.4189,0,1.0000,0,0,-1.7621,-0.7635,108.1041,-0.6285,-171.2140,0.000,0.000,0.000
2026-03-26,11:03:30,17210,1,0.0000,-0.0028,0.0012,0.0344,3.4189,0,1.0000,0,0,-1.8006,-0.9860,108.0745,-0.8186,-171.1615,0.000,0.000,0.000
2026-03-26,11:03:30,17245,1,0.0000,-0.0003,-0.0018,0.0541,3.4189,0,1.0000,0,0,-1.7386,2.0522,108.1024,-0.0023,-171.1507,0.000,0.000,0.000
2026-03-26,11:03:30,17279,1,0.0000,0.0033,-0.0002,0.0069,3.4189,0,1.0000,0,0,-1.7292,0.1335,107.9930,-1.9703,-171.2012,0.000,0.000,0.000
2026-03-26,11:03:30,17322,1,0.0000,0.0047,-0.0019,0.0551,3.4189,0,1.0000,0,0,-1.7120,0.2956,107.5696,-8.5843,-171.2051,0.000,0.000,0.000
2026-03-26,11:03:30,17355,1,0.0000,0.0118,0.0028,0.0826,3.4189,0,1.0000,0,0,-1.7120,-0.3239,107.2327,-10.2243,-171.2346,0.000,0.000,0.000
2026-03-26,11:03:31,17391,1,0.0000,0.0059,-0.0024,0.0708,3.4189,0,1.0000,0,0,-1.7392,-0.6038,107.1339,-5.9476,-171.2725,0.000,0.000,0.000
2026-03-26,11:03:31,17424,1,0.0000,0.0001,0.0020,0.0580,3.4189,0,1.0000,0,0,-1.7393,-0.5002,107.1458,-2.4287,-171.2796,0.000,0.000,0.000
2026-03-26,11:03:31,17460,1,0.0000,-0.0226,0.0022,0.0658,3.4189,0,1.0000,0,0,-1.7929,-2.5387,107.1486,-1.0703,-171.3078,0.000,0.000,0.000
2026-03-26,11:03:31,17495,1,0.0000,0.0051,0.0016,0.0461,3.4189,0,1.0000,0,0,-1.8291,-0.7644,107.2695,2.1404,-171.2912,0.000,0.000,0.000
2026-03-26,11:03:31,17534,1,0.0000,0.0123,0.0016,0.0481,3.4189,0,1.0000,0,0,-1.7728,0.6114,107.4395,2.9853,-171.3317,0.000,0.000,0.000
2026-03-26,11:03:31,17569,1,0.0000,-0.0169,0.0022,0.0658,3.4189,0,1.0000,0,0,-1.8092,-0.6926,107.5591,3.1662,-171.3587,0.000,0.000,0.000
2026-03-26,11:03:31,17611,1,0.0000,-0.0015,-0.0019,0.0560,3.4189,0,1.0000,0,0,-1.8140,-0.2272,107.8009,5.5082,-171.3141,0.000,0.000,0.000
2026-03-26,11:03:31,17660,1,0.0000,-0.0018,0.0021,0.0610,3.4189,0,1.0000,0,0,-1.7789,0.5877,107.9333,4.0242,-171.3624,0.000,0.000,0.000
2026-03-26,11:03:31,17688,1,0.0000,0.0075,0.0008,0.0245,3.4189,0,1.0000,0,0,-1.7813,-0.1732,107.8288,-0.9769,-171.3629,0.000,0.000,0.000
2026-03-26,11:03:31,17722,1,0.0000,-0.0134,-0.0022,0.0649,3.4189,0,1.0000,0,0,-1.8455,-2.0977,107.5167,-6.2055,-171.3680,0.000,0.000,0.000
2026-03-26,11:03:31,17763,1,0.0000,-0.0024,0.0030,0.0884,3.4189,0,1.0000,0,0,-1.8560,-0.6223,107.1552,-7.9269,-171.4810,0.000,0.000,0.000
2026-03-26,11:03:31,17796,1,0.0000,0.0008,0.0005,0.0157,3.4189,0,1.0000,0,0,-1.8482,0.5777,107.1338,-3.8365,-171.4985,0.000,0.000,0.000
2026-03-26,11:03:31,17829,1,0.0000,-0.0056,0.0014,0.0413,3.4189,0,1.0000,0,0,-1.8248,0.7307,107.1848,-0.9776,-171.4756,0.000,0.000,0.000
2026-03-26,11:03:31,17863,1,0.0000,0.0118,-0.0021,0.0610,3.4189,0,1.0000,0,0,-1.8448,-0.5269,107.1818,-0.7349,-171.4290,0.000,0.000,0.000
2026-03-26,11:03:31,17904,1,0.0000,0.0034,0.0014,0.0404,3.4189,0,1.0000,0,0,-1.8790,-1.6460,107.1799,0.1255,-171.3956,0.000,0.000,0.000
2026-03-26,11:03:31,17939,1,0.0000,0.0013,-0.0019,0.0560,3.4189,0,1.0000,0,0,-1.9152,-1.5144,107.2365,1.0572,-171.4307,0.000,0.000,0.000
2026-03-26,11:03:31,17972,1,0.0000,0.0048,0.0021,0.0628,3.4189,0,1.0000,0,0,-1.8473,2.4203,107.2194,-0.0313,-171.4238,0.000,0.000,0.000
2026-03-26,11:03:31,18007,1,0.0000,0.0031,0.0023,0.0679,3.4189,0,1.0000,0,0,-1.7825,1.5630,107.3029,1.8237,-171.4154,0.000,0.000,0.000
2026-03-26,11:03:31,18040,1,0.0000,0.0126,0.0014,0.0411,3.4189,0,1.0000,0,0,-1.6849,2.6926,107.6673,7.3592,-171.4181,0.000,0.000,0.000
2026-03-26,11:03:31,18084,1,0.0000,0.0109,0.0014,0.0404,3.4189,0,1.0000,0,0,-1.7051,-0.4529,107.9018,5.7449,-171.4820,0.000,0.000,0.000
2026-03-26,11:03:31,18118,1,0.0000,0.0048,0.0014,0.0412,3.4189,0,1.0000,0,0,-1.6540,1.2810,107.9855,4.4762,-171.4593,0.000,0.000,0.000
2026-03-26,11:03:31,18152,1,0.0000,-0.0017,0.0016,0.0471,3.4189,0,1.0000,0,0,-1.6675,-0.4755,108.0996,4.2155,-171.4814,0.000,0.000,0.000
2026-03-26,11:03:31,18193,1,0.0000,0.0153,-0.0006,0.0167,3.4189,0,1.0000,0,0,-1.7024,-1.2215,108.1557,2.0143,-171.4180,0.000,0.000,0.000
2026-03-26,11:03:31,18228,1,0.0000,0.0097,0.0011,0.0335,3.4189,0,1.0000,0,0,-1.7331,-1.0017,108.1545,0.7549,-171.4166,0.000,0.000,0.000
2026-03-26,11:03:31,18271,1,0.0000,-0.0042,0.0013,0.0393,3.4189,0,1.0000,0,0,-1.7184,0.9376,108.1027,-0.4907,-171.4025,0.000,0.000,0.000
2026-03-26,11:03:31,18312,1,0.0000,0.0022,0.0012,0.0363,3.4189,0,1.0000,0,0,-1.7272,-0.6452,108.2004,0.8023,-171.3751,0.000,0.000,0.000
2026-03-26,11:03:31,18346,1,0.0000,-0.0015,0.0021,0.0620,3.4189,0,1.0000,0,0,-1.7125,0.2983,107.9756,-3.7876,-171.4269,0.000,0.000,0.000
2026-03-26,11:03:32,18382,1,0.0000,-0.0025,0.0024,0.0708,3.4189,0,1.0000,0,0,-1.6935,0.2870,107.7931,-5.1520,-171.4557,0.000,0.000,0.000
2026-03-26,11:03:32,18412,1,0.0000,0.0084,-0.0011,0.0335,3.4189,0,1.0000,0,0,-1.6951,-0.4550,107.5489,-7.2423,-171.4858,0.000,0.000,0.000
2026-03-26,11:03:32,18446,1,0.0000,0.0005,-0.0020,0.0580,3.4189,0,1.0000,0,0,-1.7572,-1.8489,107.4203,-5.3643,-171.5104,0.000,0.000,0.000
2026-03-26,11:03:32,18488,1,0.0000,0.0090,-0.0021,0.0610,3.4189,0,1.0000,0,0,-1.7966,-1.1035,107.4540,-1.6164,-171.4693,0.000,0.000,0.000
2026-03-26,11:03:32,18529,1,0.0000,0.0055,-0.0020,0.0590,3.4189,0,1.0000,0,0,-1.8563,-1.2486,107.1658,-7.2746,-171.5007,0.000,0.000,0.000
2026-03-26,11:03:32,18569,1,0.0000,0.0039,-0.0008,0.0226,3.4189,0,1.0000,0,0,-1.8606,-0.2463,106.6603,-13.3177,-171.5417,0.000,0.000,0.000
2026-03-26,11:03:32,18612,1,0.0000,0.0031,0.0011,0.0334,3.4189,0,1.0000,0,0,-1.8385,0.3338,106.4125,-11.3836,-171.5658,0.000,0.000,0.000
2026-03-26,11:03:32,18649,1,0.0000,0.0019,-0.0024,0.0698,3.4189,0,1.0000,0,0,-1.8403,-0.3568,106.1303,-9.0351,-171.5947,0.000,0.000,0.000
2026-03-26,11:03:32,18686,1,0.0000,0.0104,0.0018,0.0540,3.4189,0,1.0000,0,0,-1.8075,1.6442,105.9736,-6.2270,-171.5152,0.000,0.000,0.000
2026-03-26,11:03:32,18722,1,0.0000,0.0022,0.0018,0.0530,3.4189,0,1.0000,0,0,-1.8150,-0.3844,105.9342,-3.6542,-171.4735,0.000,0.000,0.000
2026-03-26,11:03:32,18758,1,0.0000,-0.0023,0.0016,0.0472,3.4189,0,1.0000,0,0,-1.8441,-1.0515,105.9569,-1.0485,-171.4234,0.000,0.000,0.000
2026-03-26,11:03:32,18800,1,0.0000,-0.0052,0.0017,0.0491,3.4189,0,1.0000,0,0,-1.8538,-0.1055,106.0583,1.9063,-171.4010,0.000,0.000,0.000
2026-03-26,11:03:32,18836,1,0.0000,0.0121,-0.0008,0.0226,3.4189,0,1.0000,0,0,-1.8317,0.1210,106.3308,5.8987,-171.4622,0.000,0.000,0.000
2026-03-26,11:03:32,18878,1,0.0000,0.0011,0.0022,0.0659,3.4189,0,1.0000,0,0,-1.7889,0.8511,106.6198,7.1343,-171.4605,0.000,0.000,0.000
2026-03-26,11:03:32,18911,1,0.0000,0.0020,0.0025,0.0728,3.4189,0,1.0000,0,0,-1.7543,0.8655,106.8800,8.3648,-171.4502,0.000,0.000,0.000
2026-03-26,11:03:32,18946,1,0.0000,0.0062,-0.0028,0.0816,3.4189,0,1.0000,0,0,-1.7575,-0.0220,106.9990,5.6139,-171.3768,0.000,0.000,0.000
2026-03-26,11:03:32,18989,1,0.0000,0.0029,0.0012,0.0344,3.4189,0,1.0000,0,0,-1.8214,-1.8711,107.1211,4.0867,-171.3641,0.000,0.000,0.000
2026-03-26,11:03:32,19024,1,0.0000,0.0038,-0.0024,0.0698,3.4189,0,1.0000,0,0,-1.8544,-0.8632,107.2223,3.4598,-171.4060,0.000,0.000,0.000
2026-03-26,11:03:32,19059,1,0.0000,-0.0099,0.0014,0.0423,3.4189,0,1.0000,0,0,-1.7847,1.8229,107.2708,2.4602,-171.4592,0.000,0.000,0.000
2026-03-26,11:03:32,19104,1,0.0000,0.0059,0.0005,0.0147,3.4189,0,1.0000,0,0,-1.6988,1.4427,107.3250,1.5246,-171.4992,0.000,0.000,0.000
2026-03-26,11:03:32,19139,1,0.0000,0.0020,0.0016,0.0461,3.4189,0,1.0000,0,0,-1.7152,-1.1662,107.2214,-1.9449,-171.5593,0.000,0.000,0.000
2026-03-26,11:03:32,19177,1,0.0000,-0.0066,0.0024,0.0708,3.4189,0,1.0000,0,0,-1.7887,-2.6074,107.0173,-4.1098,-171.5414,0.000,0.000,0.000
2026-03-26,11:03:32,19211,1,0.0000,0.0060,-0.0014,0.0422,3.4189,0,1.0000,0,0,-1.8485,-1.8001,107.0834,-0.4751,-171.5360,0.000,0.000,0.000
2026-03-26,11:03:32,19246,1,0.0000,-0.0046,0.0022,0.0659,3.4189,0,1.0000,0,0,-1.7876,1.4060,107.2068,1.9112,-171.5068,0.000,0.000,0.000
2026-03-26,11:03:32,19288,1,0.0000,0.0040,0.0013,0.0373,3.4189,0,1.0000,0,0,-1.7815,-0.0555,107.3008,2.0616,-171.5113,0.000,0.000,0.000
2026-03-26,11:03:32,19332,1,0.0000,-0.0008,0.0009,0.0265,3.4189,0,1.0000,0,0,-1.8584,-1.5243,107.2360,-0.6110,-171.4709,0.000,0.000,0.000
2026-03-26,11:03:32,19366,1,0.0000,-0.0126,0.0024,0.0717,3.4189,0,1.0000,0,0,-1.8530,-0.0927,107.2461,-0.0042,-171.4600,0.000,0.000,0.000
2026-03-26,11:03:33,19402,1,0.0000,-0.0041,0.0019,0.0550,3.4189,0,1.0000,0,0,-1.8539,0.1477,107.1174,-2.5438,-171.4057,0.000,0.000,0.000
2026-03-26,11:03:33,19442,1,0.0000,0.0011,-0.0017,0.0491,3.4189,0,1.0000,0,0,-1.8344,0.1668,106.6350,-10.0095,-171.4786,0.000,0.000,0.000
2026-03-26,11:03:33,19473,1,0.0000,0.0029,0.0021,0.0629,3.4189,0,1.0000,0,0,-1.8354,-0.0828,106.0739,-14.4534,-171.4949,0.000,0.000,0.000
2026-03-26,11:03:33,19509,1,0.0000,-0.0006,0.0024,0.0718,3.4189,0,1.0000,0,0,-1.8127,0.1179,105.7500,-10.3990,-171.4875,0.000,0.000,0.000
2026-03-26,11:03:33,19544,1,0.0000,-0.0084,0.0026,0.0757,3.4189,0,1.0000,0,0,-1.8073,0.1765,105.7059,-5.4234,-171.5132,0.000,0.000,0.000
2026-03-26,11:03:33,19587,1,0.0000,0.0009,0.0019,0.0551,3.4189,0,1.0000,0,0,-1.8368,-0.9182,105.8483,1.2550,-171.4358,0.000,0.000,0.000
2026-03-26,11:03:33,19622,1,0.0000,-0.0064,0.0019,0.0550,3.4189,0,1.0000,0,0,-1.8657,-0.9542,106.1740,5.7912,-171.4217,0.000,0.000,0.000
2026-03-26,11:03:33,19655,1,0.0000,-0.0134,0.0021,0.0609,3.4189,0,1.0000,0,0,-1.8187,1.7615,106.3085,4.9980,-171.3806,0.000,0.000,0.000
2026-03-26,11:03:33,19691,1,0.0000,-0.0019,0.0013,0.0393,3.4189,0,1.0000,0,0,-1.7863,1.4452,106.3630,4.2514,-171.3856,0.000,0.000,0.000
2026-03-26,11:03:33,19724,1,0.0000,-0.0037,0.0014,0.0403,3.4189,0,1.0000,0,0,-1.8044,-0.0269,106.6033,6.1123,-171.3737,0.000,0.000,0.000
2026-03-26,11:03:33,19765,1,0.0000,-0.0010,0.0019,0.0570,3.4189,0,1.0000,0,0,-1.8125,0.0638,106.6324,1.7007,-171.4182,0.000,0.000,0.000
2026-03-26,11:03:33,19804,1,0.0000,-0.0003,0.0021,0.0619,3.4189,0,1.0000,0,0,-1.7889,0.2500,106.5831,-0.0923,-171.4413,0.000,0.000,0.000
2026-03-26,11:03:33,19844,1,0.0000,-0.0003,0.0013,0.0373,3.4189,0,1.0000,0,0,-1.7994,-0.2544,106.7170,3.2824,-171.4259,0.000,0.000,0.000
2026-03-26,11:03:33,19884,1,0.0000,-0.0202,-0.0015,0.0432,3.4189,0,1.0000,0,0,-1.8820,-2.9703,107.1116,9.4484,-171.4586,0.000,0.000,0.000
2026-03-26,11:03:33,19917,1,0.0000,-0.0017,0.0031,0.0924,3.4189,0,1.0000,0,0,-1.9074,-0.8549,107.4318,10.6196,-171.4679,0.000,0.000,0.000
2026-03-26,11:03:33,19950,1,0.0000,0.0088,0.0025,0.0746,3.4189,0,1.0000,0,0,-1.8815,0.8956,107.6312,8.4124,-171.4430,0.000,0.000,0.000
2026-03-26,11:03:33,19984,1,0.0000,-0.0113,0.0022,0.0639,3.4189,0,1.0000,0,0,-1.8250,1.2658,107.9143,9.5483,-171.4402,0.000,0.000,0.000
2026-03-26,11:03:33,20020,1,0.0000,0.0056,0.0018,0.0530,3.4189,0,1.0000,0,0,-1.8046,0.4165,108.0825,7.2022,-171.4274,0.000,0.000,0.000
2026-03-26,11:03:33,20051,1,0.0000,0.0027,-0.0027,0.0806,3.4189,0,1.0000,0,0,-1.7411,1.8110,108.0738,2.8534,-171.4293,0.000,0.000,0.000
2026-03-26,11:03:33,20092,1,0.0000,-0.0022,-0.0020,0.0600,3.4189,0,1.0000,0,0,-1.7181,0.6348,108.1795,3.1591,-171.4556,0.000,0.000,0.000
2026-03-26,11:03:33,20126,1,0.0000,0.0004,0.0013,0.0383,3.4189,0,1.0000,0,0,-1.7181,-0.1006,108.1801,1.5028,-171.4824,0.000,0.000,0.000
2026-03-26,11:03:33,20160,1,0.0000,0.0119,0.0008,0.0244,3.4189,0,1.0000,0,0,-1.7565,-1.3373,108.1717,0.4723,-171.4962,0.000,0.000,0.000
2026-03-26,11:03:33,20197,1,0.0000,0.0002,0.0021,0.0609,3.4189,0,1.0000,0,0,-1.7662,-0.1006,107.9390,-4.5545,-171.5117,0.000,0.000,0.000
2026-03-26,11:03:33,20235,1,0.0000,-0.0073,0.0017,0.0491,3.4189,0,1.0000,0,0,-1.7743,-0.8173,107.4544,-10.4813,-171.4757,0.000,0.000,0.000
2026-03-26,11:03:33,20270,1,0.0000,0.0021,0.0017,0.0491,3.4189,0,1.0000,0,0,-1.7823,-0.6206,107.0762,-11.1039,-171.4374,0.000,0.000,0.000
2026-03-26,11:03:33,20307,1,0.0000,-0.0020,0.0024,0.0718,3.4189,0,1.0000,0,0,-1.8347,-1.3284,106.9079,-7.3941,-171.4167,0.000,0.000,0.000
2026-03-26,11:03:33,20339,1,0.0000,-0.0053,0.0028,0.0825,3.4189,0,1.0000,0,0,-1.8624,-0.9269,106.8902,-3.8039,-171.3878,0.000,0.000,0.000
2026-03-26,11:03:33,20373,1,0.0000,0.0047,0.0015,0.0432,3.4189,0,1.0000,0,0,-1.8637,-0.5955,106.8401,-2.8846,-171.4007,0.000,0.000,0.000
2026-03-26,11:03:34,20417,1,0.0000,-0.0020,0.0030,0.0875,3.4189,0,1.0000,0,0,-1.8293,1.1238,106.7001,-3.0011,-171.4062,0.000,0.000,0.000
2026-03-26,11:03:34,20461,1,0.0000,-0.0089,0.0021,0.0618,3.4189,0,1.0000,0,0,-1.8362,-0.3165,106.5934,-3.4247,-171.4494,0.000,0.000,0.000
2026-03-26,11:03:34,20495,1,0.0000,-0.0078,0.0017,0.0491,3.4189,0,1.0000,0,0,-1.7803,1.6050,106.3869,-5.1806,-171.4497,0.000,0.000,0.000
2026-03-26,11:03:34,20530,1,0.0000,0.0046,0.0008,0.0235,3.4189,0,1.0000,0,0,-1.7187,1.9502,106.3372,-3.0989,-171.4533,0.000,0.000,0.000
2026-03-26,11:03:34,20567,1,0.0000,-0.0052,0.0021,0.0609,3.4189,0,1.0000,0,0,-1.7235,-0.3206,106.3670,-0.8294,-171.4493,0.000,0.000,0.000
